시군구,번지,계약년월,계약일,거래금액(만원),건축년도,단지명,전용면적(㎡),층,해제사유발생일
전북특별자치도 익산시 어양동,652-1,202201,31,"7,800",1998,부영1차,49.8,1,-
전북특별자치도 군산시 대야면 지경리,699-147,202201,31,"4,300",1992,한신타운,59.73,8,-
전북특별자치도 전주시 완산구 삼천동1가,705-6,202201,31,"21,000",1992,광진궁전맨션,141.79,10,-
전북특별자치도 전주시 완산구 평화동1가,445-6,202201,31,"5,000",1992,"평화주공1,2",38.64,5,-
강원특별자치도 인제군 북면 원통리,755-11,202201,31,"6,850",1997,혜진2차,59.03,2,-
강원특별자치도 철원군 동송읍 이평리,1554,202201,31,"26,800",2008,금강아미움(101~107동),84.972,7,-
강원특별자치도 횡성군 횡성읍 읍하리,518,202201,31,"16,000",1998,대동황토방,84.93,7,-
강원특별자치도 태백시 황지동,621-277,202201,31,"9,700",2001,선명5차,59.5139,3,-
강원특별자치도 원주시 단구동,1588-1,202201,31,"13,500",2002,현진에버빌2,59.761,1,-
경상남도 거제시 고현동,1062,202201,31,"12,500",2002,거제2차덕산베스트타운,59.31,14,-
경상남도 진주시 신안동,707-1,202201,31,"13,700",1996,신안주공2,49.97,11,-
경상남도 창원시 진해구 부흥동,01월 11일,202201,31,"12,000",1994,대신한울,81.36,4,-
경상남도 창원시 마산회원구 석전동,300,202201,31,"24,700",2019,창원메트로시티석전,38.828,16,-
경상남도 창원시 성산구 대방동,358,202201,31,"17,000",1992,대동,49.94,8,20220421
경상북도 안동시 노하동,899,202201,31,"21,500",2018,신안동역코아루미소지움,82.5267,1,-
경상북도 김천시 지좌동,759-7,202201,31,"11,200",2016,발트하임101동,59.8175,2,-
경상북도 김천시 율곡동,408,202201,31,"32,000",2013,경북혁신케이씨씨스위첸,84.84,6,-
경상북도 포항시 남구 대잠동,1036,202201,31,"53,000",2018,포항자이아파트,84.9388,30,-
전라남도 무안군 무안읍 교촌리,1039,202201,31,"14,900",2001,광명샤인빌,84.9072,13,-
전라남도 해남군 해남읍 해리,305-2,202201,31,"7,450",1992,금영,59.97,8,-
전라남도 고흥군 고흥읍 남계리,717-1,202201,31,"16,000",2012,대영베스트,80.69,4,-
전라남도 나주시 남평읍 동사리,414,202201,31,"15,500",2017,에스티엑스칸.중우하나린,59.9596,26,-
전라남도 순천시 동외동,56-14,202201,31,"13,900",1993,선미중앙하이츠,84.93,13,-
충청남도 청양군 청양읍 읍내리,376-8,202201,31,"8,000",1997,세아,49.98,2,-
충청남도 당진시 대덕동,1876,202201,31,"24,000",2020,당진대덕수청시티프라디움1차,59.9764,11,-
충청남도 서산시 성연면 왕정리,719,202201,31,"25,000",2015,이안서산테크노밸리,84.9767,8,-
충청남도 서산시 동문동,1000-4,202201,31,"5,000",2018,코아루시티,14.23,3,-
충청남도 천안시 동남구 영성동,Sep-48,202201,31,"20,000",2020,형우이즈뷰아파트2차2동,51.32,8,-
충청북도 증평군 증평읍 장동리,921,202201,31,"13,500",2003,증평4단지주공,59.92,4,-
충청북도 증평군 증평읍 장동리,921,202201,31,"9,600",2003,증평4단지주공,51.49,8,-
충청북도 청주시 흥덕구 봉명동,2758,202201,31,"26,000",2003,두진하트리움,136.497,15,-
경기도 광주시 양벌동,1111,202201,31,"66,900",2018,광주역우방아이유쉘2단지,77.8977,8,-
경기도 김포시 풍무동,147,202201,31,"50,000",2000,양도마을(서해그랑블),108.6002,10,-
경기도 고양시 일산서구 일산동,2019,202201,31,"36,500",1996,에이스11차,84.87,18,-
경기도 안산시 단원구 초지동,801,202201,31,"74,700",2018,롯데캐슬더퍼스트,84.97,13,-
경기도 안산시 단원구 초지동,801,202201,31,"74,700",2018,롯데캐슬더퍼스트,84.97,13,20220629
울산광역시 남구 무거동,840,202201,31,"32,300",2002,쌍용스윗닷홈2,84.9348,2,-
울산광역시 남구 무거동,220-1,202201,31,"15,500",1989,부성타워맨션,84.85,3,-
대전광역시 유성구 원내동,394,202201,31,"32,000",1996,샘물타운,84.94,12,-
대전광역시 유성구 원신흥동,485,202201,31,"50,000",2015,양우내안애레이크힐,70.8387,3,-
대전광역시 서구 관저동,1985,202201,31,"57,500",2018,관저더샵,84.882,18,-
대전광역시 중구 문화동,422-1,202201,31,"16,500",2000,햇살,59.4,6,-
광주광역시 광산구 소촌동,612,202201,31,"9,900",1995,서라2,59.985,10,-
광주광역시 광산구 쌍암동,694-59,202201,31,"53,000",2017,쌍암중흥에스-클래스리버시티,76.9179,16,-
광주광역시 북구 문흥동,787-1,202201,31,"15,000",1990,주공,58.01,1,-
광주광역시 북구 오치동,1005,202201,31,"11,900",1992,주공,52.09,5,20220307
광주광역시 남구 송하동,43-28,202201,31,"18,000",1996,금호타운,84.895,10,20220210
인천광역시 서구 석남동,523-2,202201,31,"17,000",2002,이화골드타운,59.93,2,-
인천광역시 부평구 부평동,147-9,202201,31,"21,400",2014,태강플러스,49.92,9,-
인천광역시 동구 송현동,06월 26일,202201,31,"11,000",1993,송현주공,36,9,-
대구광역시 달서구 대곡동,1123,202201,31,"53,000",2018,수목원제일풍경채,99.94,7,-
대구광역시 동구 검사동,908-130,202201,31,"21,000",2014,해오름타운A,84.7626,8,-
부산광역시 해운대구 중동,1498-9,202201,31,"102,000",2006,뷔센하우스,240.17,4,-
서울특별시 강남구 역삼동,709-5,202201,31,"220,000",2014,테헤란아이파크,70.8333,2,20220321
서울특별시 구로구 구로동,Apr-46,202201,31,"13,000",2011,하나세인스톤3차,19.99,14,-
서울특별시 중구 회현동2가,87,202201,31,"250,000",2010,쌍용남산플래티넘,177,23,-
부산광역시 연제구 거제동,1272,202201,31,"45,000",2001,거제아시아드삼정그린코아,84.8673,16,-
전라남도 순천시 해룡면 상삼리,693,202201,31,"11,400",1999,금당그리안,59.76,4,-
전라남도 목포시 상동,1018,202201,31,"15,500",1995,삼성,84.93,15,-
경기도 부천시 원미구 상동,570-5,202201,31,"57,300",2002,하얀마을(경남),59.8218,6,-
강원특별자치도 동해시 천곡동,802-1,202201,31,"8,500",1996,유공타워,59.256,6,-
경기도 용인시 처인구 포곡읍 둔전리,147,202201,31,"29,500",1999,신원2차,59.96,20,-
경기도 부천시 소사구 괴안동,99,202201,31,"36,900",1995,아주,59.115,2,-
광주광역시 동구 계림동,1815,202201,31,"20,000",2018,두산위브2차,39.862,12,-
전라남도 해남군 해남읍 구교리,1005,202201,31,"21,000",2015,해남파크사이드아파트,58.8172,9,20230307
전북특별자치도 전주시 덕진구 반월동,217-4,202201,30,"24,000",2006,영무예다음,84.824,3,20220602
전북특별자치도 전주시 덕진구 송천동2가,1298,202201,30,"57,000",2019,에코시티KCC스위첸,84.981,16,-
전북특별자치도 전주시 덕진구 송천동1가,873,202201,30,"35,200",2013,벽산e-리버파크,84.9879,3,-
전북특별자치도 전주시 완산구 서신동,961,202201,30,"17,000",1999,동아한일,60,4,-
전북특별자치도 전주시 완산구 효자동1가,451,202201,30,"17,500",1997,삼성효자맨션,83.56,19,-
강원특별자치도 홍천군 홍천읍 연봉리,468-1,202201,30,"12,000",2000,청솔,59.81,12,-
강원특별자치도 삼척시 마달동,Apr-53,202201,30,"1,950",1995,누가,27.18,5,-
강원특별자치도 삼척시 남양동,348-2,202201,30,"5,300",1988,한흥3,48.57,5,-
강원특별자치도 원주시 명륜동,710,202201,30,"9,300",1992,행운,41.3,8,-
강원특별자치도 춘천시 퇴계동,917,202201,30,"18,300",1995,"한진,한성",84.83,12,-
강원특별자치도 춘천시 퇴계동,917,202201,30,"18,300",1995,"한진,한성",84.83,12,20220321
강원특별자치도 춘천시 후평동,885-1,202201,30,"11,800",1994,세경4차,50.4,2,-
제주특별자치도 서귀포시 서홍동,1593-1,202201,30,"16,000",2016,서홍에이원시티빌,53.27,4,-
경상남도 거제시 장평동,1212-2,202201,30,"40,300",2017,거제장평유림노르웨이숲,84.9922,44,-
경상남도 김해시 부곡동,803-2,202201,30,"15,000",2004,월산마을7단지주공4차,59.73,10,-
경상남도 김해시 어방동,577,202201,30,"10,100",1996,어방화인아파트,59.84,14,-
경상남도 김해시 동상동,495-7,202201,30,"9,700",1994,한덕타워,59.73,15,-
경상남도 김해시 봉황동,126,202201,30,"6,500",1986,그린,50.4,5,-
경상남도 김해시 외동,1261-9,202201,30,"14,000",1997,한국,49.35,3,-
경상남도 김해시 동상동,495-7,202201,30,"9,700",1994,한덕타워,59.73,5,-
경상남도 진주시 정촌면 예하리,1286,202201,30,"27,400",2019,진주정촌대경파미르,66.6161,2,-
경상남도 진주시 주약동,407-1,202201,30,"24,300",1999,금호석류,84.87,13,-
경상남도 진주시 초전동,1673,202201,30,"68,200",2018,이지더원,113.588,18,-
경상남도 창원시 진해구 남문동,1274-1,202201,30,"21,450",2017,시티프라디움1차아파트,59.9808,24,-
경상남도 창원시 진해구 남문동,1293-1,202201,30,"27,500",2018,남문호반베르디움,71.991,6,-
경상남도 창원시 마산합포구 현동,700,202201,30,"41,500",2017,중흥S클래스프라디움3차,84.9841,23,-
경상남도 창원시 성산구 내동,452-14,202201,30,"22,600",2009,월드메르디앙웨스턴애비뉴,59.9294,13,-
경상북도 경산시 옥곡동,831-1,202201,30,"18,700",2004,부영조은마을(1단지),84.9751,15,-
경상북도 경산시 삼풍동,500-1,202201,30,"16,300",2001,태왕드림하이츠,59.972,10,-
경상북도 문경시 모전동,908,202201,30,"13,900",1998,주공매봉마을(1단지)201-206동,59.47,9,-
경상북도 상주시 무양동,318,202201,30,"23,000",2021,상주무양태왕아너스,59.9216,14,-
경상북도 영천시 야사동,120,202201,30,"3,500",1991,야사주공3차단지,47.31,4,-
경상북도 영천시 망정동,116,202201,30,"8,200",1998,영천망정3주공,59.99,9,-
경상북도 영천시 야사동,232,202201,30,"8,300",1991,문화골든,84.825,6,-
경상북도 구미시 옥계동,540,202201,30,"7,000",1994,동우대백타운,59.85,8,-
경상북도 구미시 구평동,429,202201,30,"15,900",2001,부영2,80.9537,9,-
경상북도 구미시 선산읍 노상리,48,202201,30,"4,900",2000,선산주공,49.71,12,-
경상북도 구미시 임은동,822,202201,30,"24,900",2015,구미임은삼도뷰엔빌W,76.7395,12,-
경상북도 경주시 충효동,2927,202201,30,"14,250",1996,대우1차,84.954,2,-
경상북도 포항시 북구 득량동,287-10,202201,30,"17,300",2016,영진리더스,59.6523,5,-
전라남도 해남군 해남읍 수성리,148,202201,30,"4,900",1993,해성,73.38,5,-
전라남도 나주시 송월동,1142,202201,30,"18,500",2017,양우내안애센텀시티아파트,59.9925,9,-
전라남도 순천시 조례동,1668,202201,30,"6,100",1993,주공4,35.28,2,-
전라남도 순천시 조곡동,68-61,202201,30,"11,000",1993,금호타운,84.935,8,-
전라남도 순천시 해룡면 상삼리,691,202201,30,"10,200",2001,청솔1,56.4,13,-
전라남도 목포시 옥암동,1144,202201,30,"17,900",2007,부영애시앙1차,84.6499,18,-
충청남도 당진시 송악읍 기지시리,504,202201,30,"31,950",2018,힐스테이트당진2차,84.7848,11,-
충청남도 서산시 성연면 일람리,1089,202201,30,"19,000",2018,서산테크노밸리고운라피네,67.2605,19,-
충청남도 아산시 탕정면 호산리,497,202201,30,"4,900",1999,홍익,33.15,4,-
충청남도 천안시 서북구 불당동,1492,202201,30,"82,300",2018,불당파크푸르지오1단지,99.9938,24,-
충청남도 천안시 동남구 신부동,970,202201,30,"39,000",2009,방죽안휴먼시아,84.77,16,-
충청북도 음성군 대소면 태생리,765,202201,30,"22,900",2018,대소웰메이드타운,84.889,4,-
충청북도 증평군 증평읍 신동리,545,202201,30,"7,600",1995,"증평주공2,3단지아파트",58.14,9,-
충청북도 증평군 증평읍 장동리,921,202201,30,"9,200",2003,증평4단지주공,51.95,3,-
충청북도 제천시 장락동,1046,202201,30,"38,000",2008,장락동롯데캐슬,118.19,12,-
충청북도 제천시 장락동,1046,202201,30,"38,000",2008,장락동롯데캐슬,118.19,12,20220209
충청북도 제천시 하소동,353,202201,30,"10,400",1995,주공2,58.74,10,-
충청북도 청주시 흥덕구 오송읍 오송리,104,202201,30,"19,477",1990,구림,63.48,3,-
충청북도 청주시 흥덕구 복대동,221-7,202201,30,"17,500",1999,대원,59.89,6,-
충청북도 청주시 서원구 모충동,Jul-94,202201,30,"10,000",1984,덕일,82.98,2,-
경기도 포천시 소흘읍 송우리,727-2,202201,30,"21,200",2005,태봉마을,59.06,1,-
경기도 양주시 백석읍 복지리,290,202201,30,"24,800",1999,동화(장미마을),84.94,11,-
경기도 양주시 백석읍 가업리,Jan-99,202201,30,"17,000",2001,세아청솔3차,59.67,3,20220223
경기도 광주시 초월읍 도평리,259,202201,30,"40,000",2007,대주피오레,104.5079,4,-
경기도 이천시 증포동,218-7,202201,30,"11,000",1996,대원,39.825,4,-
경기도 파주시 와동동,1321,202201,30,"65,000",2011,가람마을4단지한양수자인,119.83,3,-
경기도 용인시 기흥구 중동,1096,202201,30,"68,000",2013,신동백롯데캐슬에코1단지,84.85,3,-
경기도 시흥시 정왕동,1629,202201,30,"24,500",1996,무진,59.58,4,-
경기도 안산시 단원구 선부동,1085,202201,30,"35,500",1992,공작한양(저층),70.0025,3,-
경기도 평택시 동삭동,852,202201,30,"44,000",2019,평택센트럴자이3단지,59.5152,2,-
경기도 평택시 칠원동,559,202201,30,"36,600",2019,평택지제역동문굿모닝힐맘시티2단지,59.7056,2,-
경기도 평택시 서정동,1116,202201,30,"46,500",2009,평택the#,105.49,7,-
세종특별자치시  새롬동,614,202201,30,"71,800",2017,새뜸마을12단지(금성백조예미지),74.7054,6,-
세종특별자치시  어진동,548,202201,30,"12,400",2014,세종리슈빌S,21.2595,16,-
세종특별자치시  소담동,594,202201,30,"71,000",2016,새샘마을2단지(한양수자인),84.8974,8,-
울산광역시 남구 삼산동,1607-1,202201,30,"17,000",1998,현대문화2차,59.76,11,-
대전광역시 서구 갈마동,339-3,202201,30,"18,700",2020,디안더블레스,49.9825,11,-
대전광역시 서구 도안동,965,202201,30,"63,000",2012,금성백조예미지,84.9542,11,-
대전광역시 서구 갈마동,339-3,202201,30,"18,700",2020,디안더블레스,49.9825,11,20220402
광주광역시 광산구 운남동,800,202201,30,"30,000",2015,우방아이유쉘,59.7699,4,-
광주광역시 서구 치평동,1220-3,202201,30,"60,000",2020,상무지구영무예다음주상복합,84.9161,21,-
광주광역시 서구 금호동,805,202201,30,"50,200",2000,남양파크,98.45,18,-
인천광역시 미추홀구 용현동,611-4,202201,30,"21,800",1994,서해,59.95,8,-
대구광역시 달성군 다사읍 서재리,1131,202201,30,"28,000",2017,에코폴리스동화아이위시3차,62.463,8,-
대구광역시 달성군 구지면 창리,1354,202201,30,"27,000",2020,대구국가산단영무예다음,84.9966,10,-
대구광역시 달서구 송현동,156-3,202201,30,"10,500",1979,송림1동,66.45,2,-
대구광역시 달서구 월성동,89,202201,30,"24,980",1992,서한맨션,84.81,1,-
대구광역시 달서구 파호동,89,202201,30,"34,800",2000,삼성명가타운,84.94,6,-
대구광역시 남구 봉덕동,1141,202201,30,"52,000",1989,효성타운2차,130.17,6,-
부산광역시 연제구 연산동,584-1,202201,30,"59,000",1993,한성기린,164.46,5,-
부산광역시 북구 구포동,1293,202201,30,"24,500",2005,유림노르웨이숲,84.9149,20,-
부산광역시 남구 감만동,225-2,202201,30,"16,500",1996,감만현대1차,59.92,6,-
부산광역시 부산진구 연지동,72-30,202201,30,"26,800",2004,지산오차드힐,84.92,13,-
부산광역시 동구 초량동,1155,202201,30,"42,000",2006,반도보라스카이뷰,84.795,14,-
서울특별시 금천구 시흥동,1013,202201,30,"60,000",2004,관악산벽산타운5,59.34,8,-
서울특별시 강북구 미아동,1356,202201,30,"89,000",2003,경남아너스빌(1356-0),114.922,12,-
부산광역시 서구 동대신동1가,130-4,202201,30,"19,500",2003,고암시티텔,68.26,6,-
경상북도 경산시 옥곡동,832-1,202201,30,"15,400",2006,부영두리마을(3단지),59.987,1,-
경상북도 경산시 옥곡동,831-1,202201,30,"14,650",2004,부영조은마을(1단지),59.987,13,-
울산광역시 남구 신정동,1559-2,202201,30,"44,000",1984,송림맨션,75.35,1,-
인천광역시 서구 왕길동,692-1,202201,30,"45,500",2010,검단자이1단지,84.341,9,-
경기도 부천시 오정구 원종동,272-10,202201,30,"33,300",2018,한울,59.6,7,-
경상남도 사천시 사남면 유천리,928,202201,30,"24,000",2018,사천흥한에르가,84.98,13,-
경상남도 창원시 진해구 석동,232,202201,30,"33,700",2006,진해자이,84.9407,10,-
대구광역시 달성군 유가읍 쌍계리,633,202201,30,"39,800",2018,대구테크노폴리스중흥에스-클래스포디움,99.9819,7,-
경상북도 포항시 북구 죽도동,20-117,202201,30,"9,100",1992,송정한일맨션,83.73,15,-
경상남도 김해시 삼문동,Jan-64,202201,29,"27,000",2004,젤미마을10단지한림리츠빌,109.0286,6,-
전북특별자치도 남원시 죽항동,306,202201,29,"8,750",1984,죽항2,49.22,4,-
전북특별자치도 익산시 영등동,530-1,202201,29,"17,000",1984,영등1,59.3,1,-
전북특별자치도 익산시 어양동,653-1,202201,29,"9,080",1998,익산부영2차아파트,49.8,6,-
전북특별자치도 익산시 영등동,255-6,202201,29,"7,900",1988,영등2,32.43,5,-
전북특별자치도 익산시 모현동1가,111-1,202201,29,"7,000",1994,명일,59.52,16,-
전북특별자치도 익산시 송학동,898,202201,29,"50,800",2014,익산더샵,113.37,20,-
전북특별자치도 익산시 영등동,530-1,202201,29,"17,000",1984,영등1,59.3,1,20220425
전북특별자치도 익산시 모현동1가,303-1,202201,29,"16,800",1993,모현현대2차,84.74,1,-
전북특별자치도 익산시 모현동1가,250-1,202201,29,"12,300",1991,주공(2),39.69,2,-
전북특별자치도 익산시 마동,132,202201,29,"11,000",1991,그린공원아파트,59.88,1,-
전북특별자치도 익산시 어양동,689,202201,29,"13,600",2003,주공8차,51.74,15,-
전북특별자치도 익산시 모현동1가,954,202201,29,"34,000",2012,익산e편한세상,84.885,8,20220617
전북특별자치도 군산시 미장동,473,202201,29,"24,000",2009,군산수송공원삼성쉐르빌,84.406,1,-
전북특별자치도 군산시 나운동,1255-8,202201,29,"10,300",1990,현대1차,84.66,11,-
전북특별자치도 군산시 나운동,763-8,202201,29,"8,700",1990,로얄맨션2차,125.1,2,-
전북특별자치도 군산시 미룡동,857,202201,29,"5,200",2002,대명미룡아파트(2차),49.14,8,-
전북특별자치도 군산시 미룡동,896-1,202201,29,"11,400",2001,주공2차,59.39,4,-
전북특별자치도 군산시 나운동,Jul-45,202201,29,"8,000",1995,주공5차,49.69,10,-
전북특별자치도 군산시 나운동,156-3,202201,29,"10,000",1995,"영창(3,5,6동)",59.82,11,-
전북특별자치도 군산시 나운동,489,202201,29,"12,600",1992,금호타운1차,73.09,10,-
전북특별자치도 군산시 수송동,830-1,202201,29,"33,000",2010,세영리첼,84.952,16,-
전북특별자치도 전주시 덕진구 인후동1가,890-1,202201,29,"10,000",1999,인후꿈마을부영(2차),49.83,11,-
전북특별자치도 전주시 덕진구 인후동1가,858-2,202201,29,"34,000",1998,아중현대,134.59,4,-
전북특별자치도 전주시 덕진구 인후동1가,541,202201,29,"31,400",2008,인후송정써미트,124.573,9,-
전북특별자치도 전주시 덕진구 인후동1가,858-2,202201,29,"23,900",1998,아중현대,84.96,5,-
전북특별자치도 전주시 덕진구 반월동,422-1,202201,29,"2,500",1998,대창하이빌타운,28.71,4,-
전북특별자치도 전주시 덕진구 인후동1가,1029,202201,29,"32,800",2006,인후동한신휴플러스,84.71,15,-
전북특별자치도 전주시 덕진구 송천동1가,101-3,202201,29,"12,100",1993,송천신일,59.9,9,-
전북특별자치도 전주시 덕진구 송천동2가,541-2,202201,29,"23,000",1997,송천동1차쌍용,114.98,10,-
전북특별자치도 전주시 덕진구 반월동,1241,202201,29,"23,500",2019,반월동세움펠리피아2차아파트,59.6962,11,-
전북특별자치도 전주시 덕진구 인후동1가,산4-9,202201,29,"9,900",1983,쌍용,84.42,5,-
전북특별자치도 전주시 덕진구 호성동1가,750-6,202201,29,"3,470",2000,다경마을일신,28.0153,5,-
전북특별자치도 전주시 덕진구 인후동1가,951-3,202201,29,"12,100",1999,아중마을부영(3차),59.472,3,-
전북특별자치도 전주시 덕진구 덕진동2가,696,202201,29,"23,300",2009,영무예다음,59.971,6,-
전북특별자치도 전주시 덕진구 호성동1가,826,202201,29,"16,900",1994,동아,84.94,12,-
전북특별자치도 완주군 이서면 갈산리,637,202201,29,"42,000",2014,혁신도시 코오롱 하늘채 아파트 1단지,84.778,16,-
전북특별자치도 전주시 완산구 서신동,962-2,202201,29,"16,800",1998,중흥S-클래스,59.955,8,-
전북특별자치도 전주시 완산구 서신동,761-1,202201,29,"13,500",1995,서신동광진,59.98,3,-
전북특별자치도 전주시 완산구 효자동1가,98,202201,29,"14,100",1992,금호,84.719,4,-
전북특별자치도 전주시 완산구 중화산동2가,745-1,202201,29,"38,500",2003,현대에코르,84.81,7,-
전북특별자치도 전주시 완산구 평화동2가,336-6,202201,29,"16,500",1996,현대,75.12,11,-
전북특별자치도 전주시 완산구 평화동2가,943,202201,29,"21,500",2005,송정써미트,84.6134,15,-
강원특별자치도 양양군 현남면 광진리,141,202201,29,"8,900",1998,대목바다마을,38.88,6,-
강원특별자치도 철원군 동송읍 이평리,588-3,202201,29,"12,500",1995,한국개나리,84.87,1,-
전북특별자치도 완주군 봉동읍 둔산리,898-2,202201,29,"15,500",2005,전주첨단코아루1차,84.9599,11,-
강원특별자치도 홍천군 홍천읍 연봉리,468,202201,29,"17,000",1996,현대,59.445,7,-
강원특별자치도 홍천군 홍천읍 갈마곡리,549,202201,29,"23,900",2016,홍천오드카운티,59.9747,6,-
강원특별자치도 삼척시 근덕면 교가리,361-4,202201,29,"5,600",1992,동산,59.79,5,-
강원특별자치도 동해시 천곡동,1111,202201,29,"20,300",2020,천곡금호어울림라포레,64.7915,10,-
강원특별자치도 동해시 동회동,442,202201,29,"16,600",1999,현대5차,84.9562,15,-
강원특별자치도 강릉시 입암동,440,202201,29,"18,500",1998,입암현대,59.956,4,-
강원특별자치도 강릉시 노암동,605,202201,29,"19,000",2000,노암3한라,59.994,11,-
강원특별자치도 강릉시 노암동,605,202201,29,"8,800",2000,노암3한라,39.762,5,-
강원특별자치도 원주시 개운동,581-1,202201,29,"33,000",2010,원주개운휴먼시아1단지,116.92,2,-
강원특별자치도 원주시 우산동,821,202201,29,"19,300",2012,원주신일유토빌,59.727,16,-
강원특별자치도 원주시 흥업면 매지리,1928,202201,29,"6,800",1995,현대,51.545,1,-
강원특별자치도 원주시 흥업면 매지리,1928,202201,29,"6,200",1995,현대,34.38,11,-
강원특별자치도 원주시 무실동,1861-1,202201,29,"43,000",2014,원주시무실세영리첼1차,84.9704,17,-
강원특별자치도 원주시 단계동,792,202201,29,"26,200",1984,단계주공,54.12,4,-
강원특별자치도 원주시 명륜동,710,202201,29,"9,300",1992,행운,49.94,8,-
강원특별자치도 원주시 반곡동,1805,202201,29,"26,500",2008,원주반곡아이파크,84.8681,2,-
강원특별자치도 원주시 지정면 가곡리,1461,202201,29,"38,400",2019,호반베르디움더힐,84.9035,6,-
강원특별자치도 원주시 단구동,1451,202201,29,"35,000",2017,단구동한신더휴,84.9035,4,-
강원특별자치도 원주시 문막읍 건등리,193-2,202201,29,"6,300",1994,덕원,59.812,12,-
강원특별자치도 원주시 개운동,441,202201,29,"27,000",2006,개운한신휴플러스1차,84.98,11,-
강원특별자치도 원주시 관설동,1713-2,202201,29,"12,650",2002,청솔8차,59.85,12,-
강원특별자치도 춘천시 후평동,864,202201,29,"13,000",1991,한신,84.97,2,-
강원특별자치도 춘천시 퇴계동,1240,202201,29,"55,000",2019,이편한세상춘천한숲시티,84.8265,29,-
강원특별자치도 춘천시 퇴계동,983,202201,29,"17,800",1999,퇴계2주공,59.99,7,-
강원특별자치도 춘천시 후평동,864,202201,29,"13,000",1991,한신,84.97,2,20220329
강원특별자치도 춘천시 퇴계동,1031,202201,29,"30,500",2006,뜨란채,84.94,12,-
강원특별자치도 춘천시 퇴계동,916-3,202201,29,"23,000",1994,그린타운삼익코오롱,99.99,5,-
강원특별자치도 춘천시 후평동,899,202201,29,"11,400",1995,석사2,58.14,6,-
강원특별자치도 춘천시 온의동,591,202201,29,"36,000",2021,춘천센트럴파크푸르지오,59.9277,4,-
강원특별자치도 춘천시 우두동,1068-1,202201,29,"12,000",1994,동부,59.964,5,-
강원특별자치도 춘천시 사농동,158,202201,29,"18,500",2002,현대,80.934,6,-
강원특별자치도 춘천시 퇴계동,1015,202201,29,"21,000",2002,퇴계주공6차,59.83,9,-
강원특별자치도 춘천시 후평동,477,202201,29,"11,700",1989,후평주공7단지,39.69,5,-
강원특별자치도 춘천시 퇴계동,1040,202201,29,"30,000",2005,쌍용스윗닷홈,84.879,12,-
강원특별자치도 춘천시 후평동,899,202201,29,"11,900",1995,석사2,58.14,6,-
강원특별자치도 춘천시 석사동,694-1,202201,29,"12,000",1991,석사근로복지,47.32,2,-
제주특별자치도 서귀포시 표선면 표선리,1591-5,202201,29,"34,800",2019,세베스트아파트,84.6284,4,-
제주특별자치도 서귀포시 서홍동,299-1,202201,29,"9,700",2002,"태봉그린피아(101,102,103동)",36.6461,3,-
제주특별자치도 제주시 도남동,69,202201,29,"18,000",1994,도남무지개,54.03,7,-
제주특별자치도 제주시 아라일동,Feb-75,202201,29,"27,500",1993,미화,74.78,6,-
경상남도 합천군 합천읍 합천리,852-5,202201,29,"4,750",1997,황강타운,59.55,1,-
경상남도 함양군 함양읍 교산리,833-1,202201,29,"7,000",1999,천령,59.72,1,-
경상남도 산청군 신안면 하정리,738-1,202201,29,"24,000",2009,서전골든뷰,84.3037,10,-
경상남도 함안군 가야읍 검암리,770,202201,29,"16,300",2012,대경파미르(검암),67.3509,21,-
경상남도 함안군 칠서면 무릉리,1122-1,202201,29,"6,550",2001,칠서에이스2단지,53.13,15,-
경상남도 함안군 가야읍 검암리,770,202201,29,"16,300",2012,대경파미르(검암),67.3509,21,20220214
경상남도 함안군 칠원읍 무기리,878-2,202201,29,"7,300",1998,칠원대동,74.57,11,-
경상남도 함안군 가야읍 검암리,770,202201,29,"16,300",2012,대경파미르(검암),67.3509,21,20220204
경상남도 양산시 동면 금산리,763,202201,29,"8,900",1992,금산훼미리,70.02,15,-
경상남도 양산시 북정동,884-2,202201,29,"23,700",2005,새롬성원네오파트,84.8633,4,-
경상남도 양산시 북정동,434,202201,29,"7,700",1993,대동,49.71,12,-
경상남도 양산시 북정동,437,202201,29,"10,700",1995,동원,59.84,2,-
경상남도 양산시 북부동,883,202201,29,"29,900",2019,양산북부동지안스로가아파트,70.814,19,-
경상남도 양산시 물금읍 가촌리,1273-1,202201,29,"32,950",2017,양산대방노블랜드7차메가시티,59.7512,29,-
경상남도 양산시 물금읍 범어리,2676-15,202201,29,"34,700",2007,일신건영휴먼빌,84.9603,15,-
경상남도 양산시 덕계동,362,202201,29,"8,000",1993,대승하이아트1,58.73,2,-
경상남도 양산시 물금읍 가촌리,1277-2,202201,29,"31,300",2016,양산물금대방노블랜드5차에듀카운티,59.9423,26,-
경상남도 양산시 북정동,708,202201,29,"7,300",1998,동부,59.99,5,-
경상남도 양산시 덕계동,362,202201,29,"8,000",1993,대승하이아트1,58.73,2,20220210
경상남도 양산시 평산동,568,202201,29,"9,900",1994,봉우,74.53,18,20220323
경상남도 양산시 물금읍 가촌리,1323,202201,29,"26,600",2020,양산코오롱하늘채,59.836,3,-
경상남도 양산시 남부동,601-1,202201,29,"36,000",2004,신도시쌍용,84.982,11,-
경상남도 양산시 삼호동,171,202201,29,"11,300",2004,대동이미지타운2,59.3538,15,-
경상남도 양산시 평산동,568,202201,29,"7,000",1994,봉우,58.84,10,-
경상남도 거제시 거제면 서정리,767-6,202201,29,"11,300",2000,세웅하이빌2차,84.85,1,-
경상남도 거제시 양정동,800,202201,29,"32,000",2009,거제더샵,84.8872,18,-
경상남도 거제시 아주동,1682,202201,29,"18,900",2012,덕산아내1차,59.9652,13,-
경상남도 거제시 사등면 사곡리,918,202201,29,"23,300",2017,거제경남아너스빌,84.91,9,-
경상남도 거제시 사등면 사곡리,832-3,202201,29,"16,000",2014,사곡영진자이온1단지,73.6486,16,-
경상남도 밀양시 내이동,1594-2,202201,29,"14,500",2012,궁전2차,84.7163,5,-
경상남도 김해시 부곡동,1162-3,202201,29,"35,500",2000,석봉마을5단지대동3,164.93,7,-
경상남도 김해시 외동,1249-4,202201,29,"15,500",1998,한국2,59.82,1,-
경상남도 김해시 삼계동,1435,202201,29,"17,200",2003,화정마을부영6차,59.8404,13,-
경상남도 김해시 부곡동,801-2,202201,29,"9,200",2002,월산마을1단지부영13차,47.382,7,-
경상남도 김해시 관동동,1169,202201,29,"28,300",2019,힐스테이트김해,59.9819,7,-
경상남도 김해시 삼계동,1410-2,202201,29,"25,900",2006,분성마을5단지푸르지오,84.9378,19,-
경상남도 김해시 신문동,1333,202201,29,"28,300",2007,장유E-편한세상,84.974,8,-
경상남도 김해시 구산동,257,202201,29,"13,000",1995,광남백조,60.08,5,-
경상남도 김해시 관동동,1165,202201,29,"34,900",2017,김해율하서희스타힐스,84.7721,5,-
경상남도 김해시 구산동,1052-1,202201,29,"19,000",2004,한일유앤아이,59.779,16,-
경상남도 김해시 구산동,1052-1,202201,29,"17,550",2004,한일유앤아이,59.779,11,-
경상남도 김해시 장유동,847,202201,29,"52,000",2019,율하자이힐스테이트,84.97,3,-
경상남도 김해시 진영읍 진영리,1611-3,202201,29,"15,000",2006,중흥에스-클래스진영1단지,59.9769,3,-
경상남도 김해시 진영읍 진영리,1691,202201,29,"26,400",2017,진영이진캐스빌,70.6685,10,-
경상남도 김해시 대청동,320-2,202201,29,"51,000",2005,갑오마을8단지대우푸르지오2차,158.086,16,-
경상남도 김해시 진영읍 진영리,1710,202201,29,"27,000",2016,김해진영휴먼빌아파트,84.9923,6,-
경상남도 김해시 부원동,1043,202201,29,"58,000",2014,부원역푸르지오,84.995,28,-
경상남도 김해시 율하동,1317,202201,29,"43,000",2014,율상마을모아미래도6단지,84.6945,11,-
경상남도 김해시 진영읍 진영리,1690,202201,29,"35,650",2019,중흥에스-클래스에코시티,84.9538,8,-
경상남도 김해시 관동동,448-1,202201,29,"15,800",2004,팔판마을부영그린타운3차,59.9888,6,-
경상남도 김해시 진영읍 진영리,1690,202201,29,"38,800",2019,중흥에스-클래스에코시티,99.6863,6,-
경상남도 김해시 부원동,13,202201,29,"5,500",1985,중앙,54.99,4,-
경상남도 김해시 진영읍 진영리,598-3,202201,29,"8,500",2001,협성팔레스타운,59.75,1,-
경상남도 김해시 율하동,1369,202201,29,"37,200",2013,율현마을동원로얄듀크1차,84.9828,19,-
경상남도 김해시 무계동,156-1,202201,29,"10,500",2002,석봉마을9단지부영5차,47.382,9,-
경상남도 김해시 구산동,1052-3,202201,29,"12,750",2001,동원,49.915,2,-
경상남도 김해시 주촌면 천곡리,1531,202201,29,"35,700",2019,김해센텀두산위브더제니스,59.97,22,-
경상남도 사천시 용현면 신복리,07월 01일,202201,29,"7,000",2005,동강아뜨리에,59.3343,10,-
경상남도 통영시 북신동,702,202201,29,"16,700",1992,진우일성타운,84.87,3,-
경상남도 통영시 미수동,397-3,202201,29,"21,200",2002,신우파라다이스,84.9427,9,-
경상남도 통영시 북신동,697,202201,29,"15,800",1995,진우마리나타운,59.42,13,-
경상남도 통영시 광도면 안정리,1075,202201,29,"17,500",2010,현대성우오스타1단지,84.94,13,-
경상남도 진주시 상대동,472,202201,29,"13,600",1991,현대,84.99,8,-
경상남도 진주시 평거동,1132,202201,29,"50,000",2014,엠코타운더프라하,84.933,18,-
경상남도 진주시 주약동,407-1,202201,29,"35,700",1999,금호석류,122.49,17,-
경상남도 진주시 가좌동,573-1,202201,29,"18,900",2005,주공그린빌,59.27,4,-
경상남도 진주시 망경동,253,202201,29,"14,800",1997,망경한보타운,84.82,16,-
경상남도 진주시 강남동,170,202201,29,"11,300",1995,한주한보,59.73,14,-
경상남도 진주시 주약동,156,202201,29,"21,500",1990,한주럭키타운,84.81,2,-
경상남도 진주시 하대동,308-22,202201,29,"14,000",1998,대화강변마을,80.38,14,-
경상남도 진주시 주약동,407-1,202201,29,"23,000",1999,금호석류,84.87,3,-
경상남도 진주시 가좌동,1981,202201,29,"50,000",2018,센트렐웰가,84.9222,2,-
경상남도 진주시 평거동,190,202201,29,"25,700",1998,들말대경,76.23,10,-
경상남도 진주시 이현동,233-3,202201,29,"7,500",1991,고려맨션,71.49,3,-
경상남도 진주시 정촌면 예하리,1296,202201,29,"32,300",2017,진주우방아이유쉘,84.9578,11,-
경상남도 진주시 초전동,702-22,202201,29,"9,700",1995,대림,59.91,9,-
경상남도 진주시 신안동,804,202201,29,"9,000",1992,신안빌라(804),84.27,5,-
경상남도 진주시 주약동,360-2,202201,29,"25,000",2002,한보은빛마을,84.86,10,-
경상남도 진주시 초전동,1637-1,202201,29,"45,000",2010,진주초전푸르지오2단지,101.977,25,-
경상남도 진주시 평거동,737,202201,29,"8,700",1993,한보타운,59.94,11,-
경상남도 창원시 진해구 풍호동,83-77,202201,29,"30,000",2005,한림리츠빌,84.9833,11,-
경상남도 창원시 진해구 마천동,Mar-99,202201,29,"9,700",2004,남명플럼빌리지,59.8761,3,-
경상남도 창원시 진해구 남문동,1274-1,202201,29,"19,950",2017,시티프라디움1차아파트,59.9982,9,-
경상남도 창원시 진해구 청안동,474,202201,29,"11,800",2002,부영2차,59.8404,12,-
경상남도 창원시 진해구 남문동,1256-1,202201,29,"27,000",2017,시티프라디움2차,84.9908,2,-
경상남도 창원시 진해구 경화동,1334,202201,29,"39,000",2017,경화동두산위브,74.7176,6,-
경상남도 창원시 진해구 경화동,1316,202201,29,"30,200",2018,경화베스티움,84.8787,9,-
경상남도 창원시 진해구 석동,Jan-90,202201,29,"12,200",1991,석동주공,42.48,1,-
경상남도 창원시 진해구 용원동,1208,202201,29,"21,500",2005,일신님,84.9886,9,-
경상남도 창원시 진해구 남문동,1293-1,202201,29,"26,900",2018,남문호반베르디움,71.991,6,-
경상남도 창원시 진해구 자은동,834-1,202201,29,"22,000",2000,벚꽃마을주공,84.58,6,-
경상남도 창원시 마산회원구 내서읍 중리,338-1,202201,29,"10,800",1992,현대,84.945,1,-
경상남도 창원시 마산회원구 내서읍 삼계리,260,202201,29,"17,500",2003,대동이미지2단지,72.5162,14,-
경상남도 창원시 마산합포구 교원동,46,202201,29,"42,500",2011,무학자이,84.9877,7,-
경상남도 창원시 마산합포구 창포동3가,01월 13일,202201,29,"15,000",1992,광신비치,102.24,2,-
경상남도 창원시 마산합포구 교방동,355-1,202201,29,"31,900",2009,무학산벽산블루밍2단지,84.9918,5,-
경상남도 창원시 성산구 대방동,358,202201,29,"17,000",1992,대동,49.94,8,-
경상남도 창원시 성산구 남양동,24,202201,29,"15,600",1995,피오르빌,39.7,5,-
경상남도 창원시 성산구 대원동,40,202201,29,"57,500",2018,포레나대원,59.2572,21,-
경상남도 창원시 성산구 상남동,Jan-45,202201,29,"44,000",1994,성원,84.92,24,-
경상남도 창원시 성산구 상남동,Jan-45,202201,29,"20,500",1994,성원,49.98,23,20220418
경상남도 창원시 성산구 사파동,93,202201,29,"32,000",1992,동성,84.71,23,-
경상남도 창원시 성산구 내동,454-11,202201,29,"13,700",1976,삼미종합특수강,65.15,2,-
경상남도 창원시 성산구 반림동,8,202201,29,"26,750",1989,럭키,59.22,13,-
경상남도 창원시 성산구 상남동,Jan-44,202201,29,"45,300",1995,대동,84.942,10,-
경상남도 창원시 성산구 반림동,10,202201,29,"60,000",2007,노블파크,76.03,10,-
경상남도 창원시 성산구 내동,454-11,202201,29,"13,700",1976,삼미종합특수강,65.15,2,20220216
경상남도 창원시 성산구 대방동,358,202201,29,"17,300",1992,대동,49.94,3,-
경상남도 창원시 성산구 성주동,102,202201,29,"51,300",2003,한림푸르지오,84.9384,8,-
경상남도 창원시 성산구 대방동,376,202201,29,"18,000",1996,대방그린빌,49.865,12,-
경상남도 창원시 성산구 사파동,93,202201,29,"21,000",1992,동성,49.5,16,-
경상남도 창원시 의창구 도계동,416-1,202201,29,"14,000",1996,국도무궁화맨션,58.97,10,-
경상남도 창원시 의창구 동읍 용잠리,217-4,202201,29,"14,000",2015,이조아파트1차,84.64,1,-
경상남도 창원시 의창구 중동,786,202201,29,"89,000",2019,창원중동유니시티3단지,84.7171,13,-
경상남도 창원시 의창구 도계동,409-2,202201,29,"9,400",1990,경남빌라,83.89,5,-
경상남도 창원시 의창구 도계동,416-1,202201,29,"14,000",1996,국도무궁화맨션,58.97,11,20220426
경상남도 창원시 의창구 북면 감계리,225-1,202201,29,"30,800",2017,창원감계힐스테이트4차,68.9762,12,-
경상남도 창원시 의창구 북면 무동리,123-1,202201,29,"23,300",2013,휴먼빌1단지,84.994,20,-
경상북도 칠곡군 석적읍 중리,141,202201,29,"5,900",2000,부영,49.89,16,-
경상북도 칠곡군 왜관읍 석전리,479,202201,29,"13,300",1998,왜관3우방타운,84.93,3,-
경상북도 칠곡군 석적읍 남율리,764,202201,29,"17,800",2008,한솔솔파크강변,84.5486,10,-
경상북도 칠곡군 석적읍 남율리,710,202201,29,"14,000",2002,우방신천지,84.94,16,-
경상북도 고령군 대가야읍 쾌빈리,358-16,202201,29,"13,000",2004,경림웰빙B동,73.0451,2,-
경상북도 경산시 백천동,619,202201,29,"29,300",2018,경산 삼도뷰엔빌W,75.9732,15,-
경상북도 경산시 대평동,428-1,202201,29,"19,700",2004,대평그린빌,59.99,10,-
경상북도 경산시 정평동,130,202201,29,"23,500",1996,현대타운,59.82,13,-
경상북도 경산시 대평동,428-1,202201,29,"19,700",2004,대평그린빌,59.99,10,20220314
경상북도 경산시 하양읍 동서리,1220,202201,29,"20,500",2017,하양코아루3차,59.9062,10,-
경상북도 경산시 중산동,Feb-36,202201,29,"18,700",1996,옥산태왕ㆍ한라타운,59.99,11,-
경상북도 경산시 백천동,571-1,202201,29,"18,700",2004,부영초록마을,84.9751,12,-
경상북도 경산시 조영동,572-2,202201,29,"15,500",2004,강산애아파트,75.5331,1,-
경상북도 경산시 하양읍 서사리,349,202201,29,"36,000",2021,경산하양호반써밋더퍼스트,84.8778,27,-
경상북도 경산시 하양읍 금락리,407-1,202201,29,"39,000",2006,하양2차롯데낙천대,113.916,10,-
경상북도 영천시 완산동,1470,202201,29,"23,175",2019,영천완산미소지움2차,74.3614,6,-
경상북도 영천시 금호읍 교대리,06월 15일,202201,29,"4,500",1992,삼창,59.68,3,-
경상북도 영천시 야사동,350-1,202201,29,"12,000",1992,청구타운1차단지,84.93,20,-
경상북도 영천시 망정동,129,202201,29,"7,500",1997,영천망정2주공,59.47,17,20220215
경상북도 영천시 망정동,309-2,202201,29,"12,000",2014,보성스타팰리스,59.98,14,-
경상북도 영천시 망정동,116,202201,29,"8,800",1998,영천망정3주공,59.99,19,-
경상북도 구미시 옥계동,540,202201,29,"6,650",1994,동우대백타운,59.85,7,-
경상북도 구미시 구평동,476,202201,29,"16,800",2003,구미구평푸르지오,59.9317,6,-
경상북도 구미시 고아읍 오로리,460-1,202201,29,"6,000",1999,에덴,60,10,-
경상북도 구미시 고아읍 봉한리,911-101,202201,29,"7,800",1992,금류타운,84.99,7,-
경상북도 구미시 산동읍 인덕리,1107,202201,29,"39,000",2017,구미중흥에스-클래스에코시티,84.8922,21,-
경상북도 구미시 봉곡동,5,202201,29,"12,500",2003,구미도량2지구1단지,51.74,8,-
경상북도 구미시 봉곡동,657,202201,29,"18,000",2011,구미봉곡코아루,59.7042,5,-
경상북도 구미시 고아읍 원호리,454,202201,29,"8,270",1997,원호한누리타운2,59.96,9,-
경상북도 구미시 송정동,65,202201,29,"5,200",1981,한우1,40.8307,2,-
경상북도 구미시 고아읍 문성리,1796,202201,29,"30,000",2018,문성서희스타힐스,74.2,12,-
경상북도 구미시 구포동,528,202201,29,"9,000",1998,성원,59.982,9,-
경상북도 안동시 용상동,1632,202201,29,"25,500",2011,안동세영리첼,84.5537,10,-
경상북도 안동시 용상동,600,202201,29,"8,500",1994,현대2,59.4,3,-
경상북도 김천시 신음동,1319,202201,29,"25,300",2019,김천삼도뷰엔빌W아파트2단지,67.8257,3,-
경상북도 김천시 율곡동,773,202201,29,"40,000",2015,힐스테이트 율곡,84.9704,8,-
경상북도 김천시 신음동,394-3,202201,29,"12,000",1996,현대1,59.969,17,-
경상북도 경주시 용강동,1291,202201,29,"7,300",1993,계림,49.2,1,-
경상북도 포항시 북구 장성동,1607,202201,29,"27,900",2008,현진에버빌1단지,84.96,11,-
경상북도 포항시 북구 창포동,656,202201,29,"28,450",2018,창포메트로시티2단지,59.884,19,-
경상북도 포항시 북구 흥해읍 이인리,929,202201,29,"9,900",2004,삼도드림파크,50.3,18,-
경상북도 포항시 북구 양덕동,467-1,202201,29,"24,900",2014,양덕삼구트리니엔2차,65.3959,1,-
경상북도 포항시 북구 장성동,1354,202201,29,"17,000",1992,럭키장성1,73.765,6,-
경상북도 포항시 북구 흥해읍 남성리,318-5,202201,29,"17,400",2016,삼광풀리스,75.6765,7,-
경상북도 포항시 북구 양덕동,786-1,202201,29,"34,500",2015,양덕삼구트리니엔3차,84.9599,13,-
경상북도 포항시 북구 창포동,611,202201,29,"11,300",1988,두호주공2,39.3,5,-
경상북도 포항시 북구 득량동,306,202201,29,"29,700",2014,양학도뮤토,84.99,11,-
경상북도 포항시 북구 학잠동,198,202201,29,"11,200",1985,무궁화(198),49.5,3,-
경상북도 포항시 남구 오천읍 구정리,578,202201,29,"27,150",2019,오천서희스타힐스,84.7,6,-
전라남도 무안군 삼향읍 남악리,1480,202201,29,"20,700",2008,근화베아채,59.9881,23,-
전라남도 무안군 삼향읍 남악리,2310,202201,29,"21,800",2013,펠리시티2차,69.0298,12,-
전라남도 무안군 일로읍 오룡리,17,202201,29,"46,900",2020,오룡에듀포레푸르지오(1단지),84.8665,10,-
전라남도 구례군 구례읍 봉동리,189-30,202201,29,"22,000",2013,봉동팰리스,84.534,8,-
전라남도 광양시 광양읍 칠성리,May-89,202201,29,"4,300",1988,주공칠성2,39.63,4,-
전라남도 광양시 중동,1663,202201,29,"9,250",1998,금광,59.995,5,-
전라남도 나주시 송월동,660,202201,29,"6,500",1996,송월주공,49.96,14,-
전라남도 순천시 해룡면 신대리,2103,202201,29,"30,400",2012,중흥에스-클래스1단지,71.7165,16,-
전라남도 순천시 해룡면 신대리,2103,202201,29,"38,350",2012,중흥에스-클래스1단지,84.9951,26,-
전라남도 순천시 덕월동,331,202201,29,"10,900",2005,청미래2차,59.725,10,-
전라남도 순천시 조례동,1659,202201,29,"8,600",1995,주공6,58.14,1,-
전라남도 순천시 가곡동,972,202201,29,"6,400",1991,시영,59.91,10,-
전라남도 순천시 용당동,570,202201,29,"16,600",1996,동아,84.99,10,-
전라남도 여수시 연등동,722-4,202201,29,"8,000",1983,삼송맨션,68.49,5,-
전라남도 여수시 소호동,423,202201,29,"21,000",2002,"여수주은금호2,3단지",73.581,13,-
전라남도 목포시 상동,886,202201,29,"14,600",1995,우성2,84.94,11,-
전라남도 목포시 옥암동,1174,202201,29,"23,500",2007,푸르지오,84.962,10,-
전라남도 목포시 상동,251-16,202201,29,"16,300",2002,호반리젠시빌,84.8842,13,-
전라남도 목포시 석현동,1181,202201,29,"19,100",2021,목포석현서희스타힐스,59.981,12,-
전라남도 목포시 옥암동,1246,202201,29,"30,000",2014,근화옥암베아채,84.8534,17,-
전라남도 목포시 산정동,994-4,202201,29,"7,400",1992,중앙하이츠,56.07,2,-
전라남도 목포시 상동,1019,202201,29,"14,400",1996,신안2,84.92,9,-
충청남도 예산군 예산읍 발연리,253-1,202201,29,"27,700",2008,예산발연계룡리슈빌,116.07,9,-
충청남도 금산군 금산읍 상리,274,202201,29,"8,300",2000,주공1차,39.51,6,-
충청남도 당진시 원당동,1248,202201,29,"24,700",2005,당진원당주공그린빌,84.94,4,-
충청남도 당진시 원당동,1248,202201,29,"24,700",2005,당진원당주공그린빌,84.94,4,20220428
충청남도 당진시 채운동,1127,202201,29,"27,000",2010,당진채운코아루1차,120.155,18,-
충청남도 논산시 취암동,1103,202201,29,"30,000",2016,취암모닝빌아파트,84.9955,4,-
충청남도 논산시 연무읍 안심리,1201,202201,29,"22,500",2018,연무골든팰리스2차아파트,74.482,9,-
충청남도 논산시 강산동,643,202201,29,"10,400",1996,부영,59.44,7,-
충청남도 서산시 동문동,1257,202201,29,"29,500",2007,현진에버빌,124.51,9,-
충청남도 서산시 대산읍 대산리,1550,202201,29,"18,890",2017,한성필하우스아파트,59.9947,8,-
충청남도 서산시 음암면 부산리,729-9,202201,29,"4,200",1996,음암마을,59.55,5,-
충청남도 서산시 석림동,962,202201,29,"24,000",2019,서산센트럴코아루아파트,64.9504,5,-
충청남도 서산시 석림동,962,202201,29,"27,900",2019,서산센트럴코아루아파트,74.7566,13,-
충청남도 서산시 지곡면 무장리,920,202201,29,"13,000",2006,늘푸른오스카빌,84.9824,13,-
충청남도 서산시 지곡면 무장리,920,202201,29,"12,000",2006,늘푸른오스카빌,84.9824,5,-
충청남도 아산시 장존동,305,202201,29,"4,000",2004,청솔,39.994,9,-
충청남도 아산시 배미동,174-3,202201,29,"4,700",2000,서진,39.6,14,-
충청남도 아산시 배미동,239-14,202201,29,"8,200",2008,삼정백조,59.73,15,-
충청남도 아산시 배미동,174-3,202201,29,"4,300",2000,서진,39.6,2,-
충청남도 아산시 음봉면 덕지리,03월 21일,202201,29,"5,250",1997,초원그린타운,39.27,13,-
충청남도 아산시 권곡동,610,202201,29,"26,000",2005,삼부르네상스,84.99,12,-
충청남도 아산시 모종동,578,202201,29,"17,500",1992,라이프타운,84.98,8,-
충청남도 아산시 탕정면 호산리,497,202201,29,"6,000",1999,홍익,39.15,14,-
충청남도 아산시 신창면 남성리,Apr-70,202201,29,"4,000",1994,아산신창장미,49.86,4,-
충청남도 천안시 서북구 차암동,550,202201,29,"40,000",2016,천안스마일시티효성해링턴플레이스,84.9804,1,-
충청남도 천안시 서북구 차암동,543,202201,29,"30,000",2016,e편한세상스마일시티2차,59.9819,6,-
충청남도 천안시 서북구 쌍용동,1920,202201,29,"17,700",1999,"쌍용마을뜨란채,주공아파트",59.78,2,-
충청남도 천안시 서북구 성정동,1270,202201,29,"8,050",2016,프라지움6차,33.573,4,-
충청남도 천안시 서북구 직산읍 군서리,428-3,202201,29,"5,000",1993,청호,58.97,2,-
충청남도 천안시 동남구 문화동,179,202201,29,"39,000",2021,힐스테이트천안,59.9201,37,-
충청남도 천안시 동남구 안서동,365-3,202201,29,"23,500",2009,안서금호어울림,84.969,21,-
충청남도 천안시 동남구 신방동,920,202201,29,"8,300",1998,초원그린타운,39.27,13,-
충청남도 천안시 동남구 목천읍 삼성리,09월 12일,202201,29,"9,700",1999,원앙마을부영1차,59.76,3,-
충청남도 천안시 동남구 봉명동,494,202201,29,"14,650",2001,봉명청솔(3차),56.34,14,-
충청남도 천안시 동남구 안서동,304-1,202201,29,"4,600",1996,동보스타빌,24.18,8,-
충청북도 음성군 대소면 대풍리,582-7,202201,29,"7,000",2004,산수화,48.664,8,-
충청북도 제천시 청전동,626,202201,29,"13,800",1992,덕일,84.75,3,-
충청북도 제천시 하소동,110,202201,29,"17,300",1996,하소현대,84.42,10,-
충청북도 제천시 화산동,1009,202201,29,"18,300",2016,서희스타힐스,65.2733,3,-
충청북도 충주시 금릉동,771,202201,29,"7,000",1993,삼성푸른,49.14,2,-
충청북도 충주시 호암동,905,202201,29,"23,000",2007,호암동수채,84.9289,7,-
충청북도 청주시 청원구 사천동,231-4,202201,29,"10,000",1988,보성(231-4),59.14,1,-
충청북도 청주시 청원구 율량동,1265,202201,29,"13,500",1996,율량효성,59.86,3,-
충청북도 청주시 청원구 내덕동,697-1,202201,29,"12,500",1989,삼일,84.98,2,-
충청북도 청주시 청원구 오창읍 창리,161,202201,29,"27,000",2016,오창모아미래도와이드파크,59.9853,4,-
충청북도 청주시 청원구 사천동,228,202201,29,"17,100",1996,동아2,84.96,6,-
충청북도 청주시 청원구 오창읍 각리,637-1,202201,29,"30,300",2006,한라비발디,84.573,11,-
충청북도 청주시 흥덕구 강서동,458,202201,29,"8,900",2016,청주강서동광모닝스카이,20,20,-
충청북도 청주시 흥덕구 복대동,853-5,202201,29,"12,000",2017,포빌,47.215,12,-
충청북도 청주시 흥덕구 복대동,2442,202201,29,"13,000",1990,형석(2442),57.29,4,-
충청북도 청주시 흥덕구 운천동,577,202201,29,"17,900",1994,삼일무지개,84.89,9,-
충청북도 청주시 흥덕구 옥산면 오산리,159-4,202201,29,"4,000",1992,삼덕,59.85,5,-
충청북도 청주시 흥덕구 복대동,3034,202201,29,"27,400",1998,하복대삼일,84.88,6,-
충청북도 청주시 흥덕구 가경동,1511,202201,29,"17,250",1997,대원,59.94,1,-
충청북도 청주시 흥덕구 복대동,2442,202201,29,"12,000",1990,형석(2442),57.29,4,-
충청북도 청주시 흥덕구 복대동,2442,202201,29,"9,500",1990,형석(2442),47.07,4,-
충청북도 청주시 서원구 산남동,1094,202201,29,"24,000",2007,부영사랑으로,59.9364,7,-
충청북도 청주시 서원구 개신동,447-3,202201,29,"4,000",1998,재원,32.805,4,-
충청북도 청주시 서원구 개신동,10,202201,29,"17,700",1991,삼익1,84.96,5,-
충청북도 청주시 상당구 용정동,1286,202201,29,"46,500",2017,우미린에듀파크1단지,84.9813,20,-
충청북도 청주시 상당구 용암동,2083,202201,29,"12,500",1994,삼일무지개,59.94,6,-
충청북도 청주시 상당구 영운동,179-11,202201,29,"6,300",1991,미림,49.99,4,-
충청북도 청주시 상당구 영운동,179-11,202201,29,"6,400",1991,미림,49.99,4,-
충청북도 청주시 상당구 용정동,1116,202201,29,"38,500",2013,청주용정한라비발디,84.46,12,-
충청북도 청주시 상당구 탑동,44,202201,29,"15,300",1991,현대,71.175,3,-
충청북도 청주시 상당구 금천동,476,202201,29,"27,500",2014,금천우미린,76.0938,7,-
충청북도 청주시 상당구 용정동,1286,202201,29,"46,500",2017,우미린에듀파크1단지,84.9813,20,20220214
충청북도 청주시 상당구 영운동,Jan-33,202201,29,"5,500",1997,한진신세대,43.24,12,-
경기도 여주시 멱곡동,376-8,202201,29,"19,500",2008,정광휴레나,84.9144,10,-
경기도 여주시 홍문동,181,202201,29,"14,300",1996,홍문현대,59.72,13,-
경기도 양주시 옥정동,1051,202201,29,"56,500",2018,e편한세상옥정에듀써밋,84.9664,2,-
경기도 양주시 백석읍 복지리,290,202201,29,"23,250",1999,동화(장미마을),84.94,1,-
경기도 양주시 백석읍 복지리,290,202201,29,"24,900",1999,동화(장미마을),84.94,6,-
경기도 양주시 광사동,658,202201,29,"45,000",2009,해동마을유승한내들,84.9887,7,-
경기도 광주시 태전동,732,202201,29,"59,000",2019,힐스테이트태전2차에듀포레C11BL,62.97,6,-
경기도 광주시 초월읍 도평리,200,202201,29,"25,000",2002,도평리2차우림퓨전빌,84.573,6,-
경기도 광주시 태전동,694,202201,29,"50,000",2017,광주태전지웰,84.9381,8,-
경기도 화성시 능동,1115,202201,29,"58,000",2008,동탄숲속마을자연앤경남아너스빌(1115-0),76.5,3,-
경기도 화성시 영천동,890,202201,29,"50,500",2019,동탄파크한양수자인,51.79,9,-
경기도 화성시 영천동,672,202201,29,"57,000",2015,동탄역이지더원,59.9804,10,-
경기도 화성시 반송동,85,202201,29,"64,000",2007,시범한빛마을동탄아이파크,84.96,10,-
경기도 화성시 남양읍 신남리,1563,202201,29,"32,900",2004,대광파인밸리골드,84.305,4,-
경기도 화성시 산척동,722,202201,29,"60,000",2018,더레이크시티부영1단지,59.9912,13,-
경기도 김포시 장기동,1642,202201,29,"55,000",2008,고창마을(반도유보라),101.8709,5,-
경기도 김포시 구래동,Jun-88,202201,29,"42,400",2017,김포한강신도시모아엘가2차아파트,59.97,8,-
경기도 김포시 걸포동,294-38,202201,29,"68,000",2019,한강파크뷰우방아이유쉘,84.9208,7,-
경기도 김포시 장기동,1885-6,202201,29,"47,500",2012,한강호반베르디움,59.9366,20,-
경기도 안성시 공도읍 진사리,639-1,202201,29,"21,000",2002,삼성,59.85,2,-
경기도 안성시 공도읍 진사리,Jan-36,202201,29,"18,000",2000,주은청설,59.73,3,20220221
경기도 안성시 대덕면 내리,675,202201,29,"7,050",1999,신라,35.28,9,-
경기도 안성시 당왕동,536,202201,29,"24,000",1993,쌍용,84.96,9,-
경기도 안성시 대덕면 내리,675,202201,29,"10,700",1999,신라,52.92,4,-
경기도 안성시 당왕동,536,202201,29,"22,800",1993,쌍용,84.96,1,-
경기도 이천시 호법면 유산리,894,202201,29,"17,300",2010,이천내안애,59.97,4,-
경기도 이천시 장호원읍 진암리,301-3,202201,29,"10,600",1995,삼진동산,59.94,4,-
경기도 이천시 신둔면 수하리,825,202201,29,"16,000",2008,신둔반석아르미,68.5782,4,-
경기도 이천시 송정동,107-48,202201,29,"16,600",1997,풍산,59.5,14,-
경기도 파주시 조리읍 봉일천리,13-15,202201,29,"19,200",1998,송촌토파즈(13-15),60,23,-
경기도 파주시 검산동,130-8,202201,29,"17,000",2000,성원포레스타운(130-8),59.96,11,-
경기도 파주시 문산읍 당동리,940,202201,29,"34,000",2010,파주힐스테이트2차,101.6959,11,-
경기도 용인시 수지구 풍덕천동,1112,202201,29,"74,000",1999,현대성우8차,59.99,2,-
경기도 용인시 수지구 죽전동,501,202201,29,"79,800",1997,동성1차,84.97,14,-
경기도 용인시 수지구 상현동,30,202201,29,"64,500",1997,진산마을성원상떼빌아파트,59.99,20,-
경기도 용인시 기흥구 중동,956,202201,29,"70,800",2006,동백역한라비발디(어은목마을),128.295,9,-
경기도 용인시 처인구 포곡읍 영문리,555,202201,29,"33,000",2002,베네치아빌리지,84.8066,9,-
경기도 용인시 처인구 남사읍 아곡리,681,202201,29,"48,700",2018,e편한세상용인한숲시티5단지,84.658,14,-
경기도 하남시 감이동,530,202201,29,"112,000",2019,감일한라비발디,84.87,9,-
경기도 하남시 감이동,530,202201,29,"108,000",2019,감일한라비발디,84.87,9,-
경기도 하남시 선동,436,202201,29,"93,000",2016,미사강변 센트리버,74.91,14,-
경기도 의왕시 오전동,산149-3,202201,29,"51,000",1986,삼신9차,39.795,3,-
경기도 군포시 산본동,1156-1,202201,29,"67,900",1992,한라주공4,58.65,11,-
경기도 군포시 금정동,872,202201,29,"36,000",1992,충무주공(872),36,6,-
경기도 군포시 산본동,1151-9,202201,29,"33,500",1995,설악,43.56,8,-
경기도 군포시 산본동,1156-1,202201,29,"47,000",1992,한라주공4,41.85,2,-
경기도 군포시 금정동,876,202201,29,"50,400",1994,율곡,51.66,8,-
경기도 시흥시 장현동,541-4,202201,29,"28,000",2004,장현I엔플러스빌,59.235,6,-
경기도 시흥시 산현동,520,202201,29,"68,400",2019,호반베르디움더숲,84.96,21,-
경기도 시흥시 조남동,669,202201,29,"68,000",2017,목감한신더휴센트럴파크,84.99,10,-
경기도 시흥시 논곡동,160-7,202201,29,"35,000",1992,산호,64.56,8,-
경기도 시흥시 배곧동,245,202201,29,"58,000",2018,한라비발디캠퍼스2차,69.8608,12,-
경기도 시흥시 장곡동,811-3,202201,29,"7,150",2002,연성쉐르빌,24.27,13,-
경기도 시흥시 미산동,산15-1,202201,29,"9,000",1991,부국미산아파트(1동2동3동),41.13,4,-
경기도 시흥시 은행동,619,202201,29,"49,400",2017,은계센트럴타운,51.96,12,-
경기도 오산시 외삼미동,650,202201,29,"59,400",2019,서동탄역더샵파크시티,74.6784,17,-
경기도 남양주시 다산동,6133,202201,29,"81,000",2018,다산 이편한세상자이,74.88,11,-
경기도 남양주시 화도읍 가곡리,598,202201,29,"36,600",2008,신마석신도브래뉴,84.99,7,-
경기도 구리시 수택동,517-3,202201,29,"44,500",1989,"한인(가,나동)",45.05,4,-
경기도 고양시 일산서구 일산동,1086,202201,29,"37,000",1995,후곡마을(동아16),48.84,2,-
경기도 고양시 일산서구 일산동,1090,202201,29,"40,500",1994,후곡마을(현대18),59.925,8,-
경기도 고양시 일산서구 주엽동,81,202201,29,"24,500",1995,강선마을13단지뉴서울,40.32,11,-
경기도 고양시 일산동구 중산동,1555,202201,29,"32,800",1995,중산마을1단지(두산),59.97,7,-
경기도 고양시 일산동구 마두동,794,202201,29,"73,000",1993,강촌마을(우방),84.94,14,-
경기도 고양시 일산동구 중산동,1841,202201,29,"83,500",2018,일산센트럴아이파크,84.9854,24,-
경기도 고양시 덕양구 도내동,1103,202201,29,"79,000",2013,도래울파크뷰,84.38,15,-
경기도 고양시 덕양구 토당동,880-20,202201,29,"59,000",1997,윤창APT,117.81,9,-
경기도 고양시 덕양구 주교동,610-6,202201,29,"32,000",2017,스카이팰리스,70.71,12,-
경기도 안산시 단원구 선부동,1080,202201,29,"38,000",1993,군자주공15(고층),49.94,6,-
경기도 평택시 서정동,836-5,202201,29,"9,300",1997,청천,39.11,3,-
경기도 평택시 이충동,452-2,202201,29,"7,500",2016,서정스마트빌듀오2차,20.246,10,-
경기도 평택시 이충동,456-1,202201,29,"7,500",2016,서정스마트빌듀오1차,24.31,14,-
경기도 평택시 서정동,787-2,202201,29,"9,900",1990,대옥3,48.45,5,-
경기도 평택시 이충동,592,202201,29,"27,500",1996,미주3(이충),84.97,14,-
경기도 평택시 세교동,554,202201,29,"24,000",1996,태영청솔,59.915,6,-
경기도 평택시 서정동,1121,202201,29,"50,000",2010,평택서정동롯데캐슬,84.98,11,-
경기도 평택시 세교동,554,202201,29,"23,500",1996,태영청솔,59.915,1,-
경기도 평택시 비전동,210-24,202201,29,"9,800",1985,현대,58.96,3,-
경기도 평택시 군문동,370,202201,29,"20,900",1999,평택군문1단지주공,49.43,10,-
경기도 평택시 세교동,554,202201,29,"23,300",1996,태영청솔,59.915,11,-
경기도 평택시 고덕동,Jan-83,202201,29,"56,000",2021,고덕국제신도시리슈빌레이크파크,84.8462,8,-
경기도 평택시 이충동,592,202201,29,"25,800",1996,미주3(이충),71.53,5,-
경기도 평택시 이충동,594-2,202201,29,"19,000",1996,이충동부영3단지,49.98,10,-
경기도 광명시 철산동,634,202201,29,"98,000",2009,철산래미안자이,59.67,22,-
경기도 안양시 동안구 평촌동,Feb-75,202201,29,"74,000",2001,인덕원대우,59.92,11,-
경기도 안양시 동안구 관양동,1396,202201,29,"140,000",1985,현대,147.11,2,-
경기도 안양시 동안구 비산동,1155,202201,29,"40,500",2003,더포레스트힐,49.48,15,-
경기도 안양시 만안구 안양동,Feb-44,202201,29,"18,700",1983,신라,42.613,5,-
경기도 안양시 만안구 석수동,794,202201,29,"76,000",2009,현대아이파크,84.94,18,-
경기도 의정부시 장암동,5,202201,29,"31,800",1993,장암주공2,51.66,12,-
경기도 의정부시 호원동,351-1,202201,29,"40,000",1998,삼익,84.66,19,-
경기도 의정부시 가능동,15-552,202201,29,"31,500",2007,가재울일신건영휴먼빌,59.9929,4,-
경기도 의정부시 신곡동,98,202201,29,"20,000",2000,신명,41.508,12,-
경기도 의정부시 신곡동,816,202201,29,"53,000",2019,e편한세상신곡파크비스타,59.9429,22,-
경기도 의정부시 용현동,547-3,202201,29,"22,000",2002,송산주공1단지,49.86,15,-
경기도 의정부시 신곡동,164-1,202201,29,"15,000",1990,신곡현대,49.32,1,-
경기도 성남시 분당구 판교동,637,202201,29,"144,000",2009,판교원마을7단지(모아미래도),80.21,17,-
경기도 성남시 분당구 야탑동,535,202201,29,"134,000",1992,탑마을(대우),101.76,7,20230120
경기도 성남시 수정구 태평동,7341,202201,29,"58,000",2005,신동아파밀리에,84.4802,3,-
경기도 성남시 수정구 수진동,4663,202201,29,"80,000",1996,삼부,59.76,4,20220627
경기도 수원시 영통구 하동,1027,202201,29,"83,000",2012,광교LAKEPARK한양수자인,84.8201,5,-
경기도 수원시 권선구 고색동,7-114,202201,29,"18,000",1986,연안,44.57,4,-
경기도 수원시 권선구 호매실동,1394,202201,29,"50,000",2014,호매실스위첸,59.77,15,-
경기도 수원시 권선구 당수동,287,202201,29,"36,500",1998,인정프린스,84.99,3,-
경기도 수원시 장안구 송죽동,462,202201,29,"47,500",1990,동진맨션,84.93,15,-
경기도 수원시 장안구 율전동,600,202201,29,"62,500",2017,성균관대역동문디이스트,59.9823,15,-
경기도 수원시 장안구 정자동,919,202201,29,"56,900",2001,청솔마을한라,59.985,15,-
세종특별자치시  아름동,1277,202201,29,"67,500",2014,대우푸르지오(10단지),101.9478,5,-
세종특별자치시  연동면 명학리,255,202201,29,"15,000",2001,세종청정아파트,49.277,8,-
세종특별자치시  아름동,1363,202201,29,"58,000",2014,범지기마을11단지(영무예다음),84.9816,21,-
세종특별자치시  반곡동,1035,202201,29,"49,700",2019,수루배마을6단지,59.24,11,-
세종특별자치시  고운동,1724,202201,29,"60,000",2015,가락마을7단지(중흥S-클래스프라디움),84.9981,18,-
세종특별자치시  소담동,550,202201,29,"80,500",2016,새샘마을3단지(모아미래도리버시티),84.9989,14,-
세종특별자치시  조치원읍 신안리,542,202201,29,"40,500",2013,세종e편한세상,99.6514,2,-
세종특별자치시  한솔동,939,202201,29,"88,000",2011,첫마을1단지(퍼스트프라임),119.86,7,-
울산광역시 울주군 언양읍 송대리,Jan-53,202201,29,"34,000",2019,양우내안애더퍼스트,72.0911,16,-
울산광역시 울주군 언양읍 어음리,253,202201,29,"13,000",1997,장원그랜즈,80.46,5,-
울산광역시 북구 송정동,1207-2,202201,29,"57,000",2018,울산송정호반베르디움,84.973,1,-
울산광역시 북구 매곡동,864,202201,29,"35,000",2011,월드메르디앙월드시티,84.8844,32,-
울산광역시 북구 산하동,969-1,202201,29,"38,000",2016,울산블루마시티서희스타힐스블루원아파트,84.5645,18,-
울산광역시 동구 일산동,551-16,202201,29,"21,000",2004,은빛천사,81.238,14,-
울산광역시 동구 서부동,257-4,202201,29,"16,000",1992,현대패밀리서부,59.78,5,-
울산광역시 남구 달동,1382-3,202201,29,"18,400",1995,대신그린파크,67.38,16,-
울산광역시 남구 삼산동,1538-2,202201,29,"31,600",1995,평창현대3차아파트,59.95,20,-
울산광역시 남구 삼산동,1605-3,202201,29,"17,000",1996,현대문화1차,59.76,10,-
울산광역시 남구 삼산동,1538-2,202201,29,"34,300",1995,평창현대3차아파트,59.95,21,-
울산광역시 남구 삼산동,1547,202201,29,"42,000",1994,평창2차현대,84.93,13,-
울산광역시 남구 무거동,1594,202201,29,"84,200",2013,무거위브자이,120.005,21,-
울산광역시 남구 무거동,832-2,202201,29,"16,300",1995,무거현대,58.05,9,-
울산광역시 남구 신정동,1591,202201,29,"40,000",1982,금탑,59.38,4,-
울산광역시 남구 야음동,885,202201,29,"50,200",2011,대현동디아채,84.7977,11,-
울산광역시 중구 남외동,506-1,202201,29,"56,400",2006,남외푸르지오1차,107.65,2,-
울산광역시 중구 성안동,830-9,202201,29,"38,000",2006,아가바움,134.17,2,-
대전광역시 대덕구 비래동,509-1,202201,29,"36,300",2006,비래휴플러스,84.9097,4,-
대전광역시 대덕구 목상동,185-1,202201,29,"18,650",1999,상록수,59.96,6,-
대전광역시 유성구 봉명동,607-3,202201,29,"8,100",2015,스카이뷰로드,19.9893,13,-
대전광역시 유성구 하기동,546,202201,29,"62,900",2006,송림마을6단지(금실풍요로운),123.72,4,-
대전광역시 유성구 봉명동,448-5,202201,29,"5,900",2011,리베라아이누리,28.6579,6,-
대전광역시 서구 관저동,1154,202201,29,"18,500",2000,구봉마을9단지,49.88,5,-
대전광역시 서구 월평동,218-7,202201,29,"20,000",1993,주공2단지(은뜰아파트),41.85,4,-
대전광역시 서구 갈마동,1418,202201,29,"44,800",1995,경성큰마을,84.94,14,-
대전광역시 서구 둔산동,1388,202201,29,"105,000",1992,한마루아파트,101.94,15,-
대전광역시 서구 월평동,266,202201,29,"44,000",1993,백합,71.205,6,-
대전광역시 서구 도안동,1564,202201,29,"61,800",2014,도안18단지린풀하우스,78.8929,8,-
대전광역시 서구 둔산동,1388,202201,29,"103,000",1992,한마루아파트,101.94,5,-
대전광역시 서구 둔산동,1095,202201,29,"6,500",2002,하이스트빌,38.12,7,-
대전광역시 중구 중촌동,10월 03일,202201,29,"25,800",1986,시영,54.645,5,-
대전광역시 중구 태평동,317,202201,29,"31,750",2000,태평,84.99,3,-
대전광역시 동구 낭월동,723,202201,29,"35,000",2011,e편한세상,84.985,10,-
대전광역시 동구 대성동,130,202201,29,"46,000",2007,은어송마을2단지(코오롱하늘채),84.9905,11,-
광주광역시 광산구 소촌동,533-2,202201,29,"18,000",2003,한광프라임빌,84.9852,12,-
광주광역시 광산구 신가동,1058,202201,29,"71,000",2012,수완지구호반베르디움1차,84.884,5,-
광주광역시 광산구 수완동,933,202201,29,"110,000",2009,현진에버빌1단지,118.3,2,-
광주광역시 광산구 신창동,1264,202201,29,"34,000",2006,신창5차부영사랑으로,84.9931,1,-
광주광역시 광산구 우산동,1572-1,202201,29,"15,700",1992,제일파크맨션,75.18,3,-
광주광역시 광산구 하남동,547,202201,29,"31,700",2009,부영사랑으로,84.8198,6,-
광주광역시 광산구 장덕동,1690,202201,29,"85,700",2011,성덕마을대방노블랜드5차,118.913,18,-
광주광역시 북구 문흥동,996-3,202201,29,"13,000",1994,라인,59.965,1,-
광주광역시 북구 일곡동,817-4,202201,29,"23,000",1998,대림2,84.64,3,-
광주광역시 북구 양산동,776,202201,29,"40,000",2006,지에스그린자이1차,84.9993,14,-
광주광역시 북구 신안동,491-1,202201,29,"13,000",2004,신안다이아빌,59.525,9,-
광주광역시 북구 동림동,1330,202201,29,"39,000",2018,운암산코오롱하늘채,64.2602,20,-
광주광역시 북구 동림동,1330,202201,29,"52,700",2018,운암산코오롱하늘채,84.6815,5,-
광주광역시 북구 운암동,940,202201,29,"15,800",2006,운암프라자,84.24,5,-
광주광역시 북구 일곡동,850-3,202201,29,"17,500",1996,한국,59.94,7,-
광주광역시 북구 두암동,59-20,202201,29,"10,850",1994,미라보4,59.925,17,-
광주광역시 북구 매곡동,214-10,202201,29,"12,000",1995,호반2,59.95,8,-
광주광역시 북구 두암동,968-1,202201,29,"8,400",1993,율곡타운(주공1),41.85,12,20220215
광주광역시 남구 행암동,562,202201,29,"52,500",2015,제일풍경채에듀파크2단지,72.6232,20,-
광주광역시 남구 월산동,323-44,202201,29,"10,000",1986,덕림,76.14,1,-
광주광역시 남구 봉선동,21,202201,29,"16,000",1993,무등파크3차(2단지),59.94,2,-
광주광역시 남구 주월동,499,202201,29,"10,000",1986,종원,37.8,3,-
광주광역시 서구 화정동,1706,202201,29,"86,000",2019,화정엘리체퍼스티지,110.2243,5,-
광주광역시 서구 쌍촌동,1228-1,202201,29,"15,000",1991,빛고을파크,59.85,7,-
광주광역시 서구 쌍촌동,1337-3,202201,29,"37,700",2006,중흥에스-클래스,59.9854,14,-
광주광역시 서구 풍암동,1059,202201,29,"18,500",2000,한국,59.985,11,-
광주광역시 서구 금호동,770-1,202201,29,"37,500",2001,호반리젠시빌3차,84.7555,13,-
광주광역시 서구 금호동,809,202201,29,"41,900",2002,호반리젠시빌5차,84.891,5,-
광주광역시 서구 풍암동,1059,202201,29,"17,000",2000,한국,59.985,12,-
인천광역시 강화군 강화읍 갑곳리,Jan-83,202201,29,"11,000",1990,설호,75.19,4,-
인천광역시 서구 청라동,107-1,202201,29,"85,000",2011,청라한라비발디,113.6697,13,-
인천광역시 서구 마전동,932-1,202201,29,"16,000",2003,이지프라자,58.84,9,-
인천광역시 서구 마전동,925,202201,29,"14,800",1992,서해,59.67,5,-
인천광역시 서구 신현동,181-4,202201,29,"14,000",1989,동진,51.39,4,-
인천광역시 서구 검암동,512-1,202201,29,"46,500",2003,삼보해피하임3,84.8122,9,20220209
인천광역시 서구 왕길동,692-1,202201,29,"40,000",2010,검단자이1단지,84.341,5,-
인천광역시 계양구 계산동,20,202201,29,"23,300",1990,주공,41.3,4,-
인천광역시 계양구 효성동,24,202201,29,"13,200",1986,뉴서울2,31.95,2,-
인천광역시 계양구 오류동,180,202201,29,"29,800",1997,신동아,59.95,4,-
인천광역시 계양구 용종동,228-1,202201,29,"43,800",1997,초정마을하나,84.99,1,-
인천광역시 부평구 산곡동,311-126,202201,29,"45,000",1988,현대2차,72.45,3,-
인천광역시 부평구 삼산동,440-1,202201,29,"43,500",2005,삼산타운주공1단지,51.83,4,-
인천광역시 남동구 논현동,563-3,202201,29,"32,500",1998,주공2단지,59.23,7,-
인천광역시 남동구 만수동,1044,202201,29,"16,000",1992,만수뉴서울아파트,34.65,3,-
인천광역시 남동구 만수동,5-397,202201,29,"16,800",1989,대동(5-397),59.83,2,-
인천광역시 미추홀구 도화동,557-1,202201,29,"17,000",1987,동원,47.07,1,-
인천광역시 미추홀구 도화동,557-1,202201,29,"18,800",1987,동원,47.07,4,-
인천광역시 미추홀구 학익동,671-2,202201,29,"13,000",1989,영남,54.27,6,-
인천광역시 미추홀구 학익동,671-2,202201,29,"13,000",1989,영남,54.27,6,20220216
인천광역시 미추홀구 숭의동,128-16,202201,29,"14,300",2015,다인캐슬,49.83,5,-
인천광역시 미추홀구 숭의동,Sep-78,202201,29,"8,300",2014,숭의동아르떼노블,15.718,15,-
인천광역시 중구 신흥동1가,Jan-34,202201,29,"39,000",2005,경남아너스빌,84.87,5,-
인천광역시 중구 중산동,1887-2,202201,29,"49,000",2012,영종힐스테이트,83.372,18,-
인천광역시 중구 신흥동3가,7-235,202201,29,"36,300",2002,신흥아이파크,84.99,3,-
인천광역시 중구 신흥동2가,Oct-50,202201,29,"19,500",1994,누리타워,84.69,21,-
대구광역시 달성군 화원읍 명곡리,130,202201,29,"22,500",2000,명곡미래빌3,59.39,15,-
대구광역시 달성군 화원읍 구라리,1734-2,202201,29,"14,800",1984,화원한우,33.47,3,-
대구광역시 달성군 다사읍 죽곡리,129-1,202201,29,"8,700",1999,강창하이츠,29.64,13,-
대구광역시 달성군 논공읍 북리,803-3,202201,29,"4,400",1989,평광현대,38.22,5,-
대구광역시 달성군 다사읍 세천리,1566-1,202201,29,"38,000",2016,다사세천한라비발디,84.021,29,-
대구광역시 달서구 감삼동,461,202201,29,"103,000",2010,월드마크웨스트엔드,124.56,42,-
대구광역시 달서구 유천동,612,202201,29,"48,000",2016,대구월배2차아이파크,84.2245,18,-
대구광역시 달서구 월성동,1863,202201,29,"40,000",2016,월성협성휴포레,69.9551,13,-
대구광역시 달서구 유천동,605,202201,29,"49,500",2015,현대아이파크,84.9701,21,-
대구광역시 달서구 이곡동,1194-2,202201,29,"19,000",1994,성서대백창신한라타운,59.96,6,-
대구광역시 달서구 유천동,612,202201,29,"44,000",2016,대구월배2차아이파크,74.3578,25,-
대구광역시 달서구 상인동,1592,202201,29,"14,000",1993,시영장미4,49.8,7,-
대구광역시 달서구 장기동,813-1,202201,29,"29,500",2000,장기초록나라,59.9897,17,20220603
대구광역시 달서구 용산동,414-4,202201,29,"20,400",1997,성서6주공,59.99,7,-
대구광역시 달서구 본동,616,202201,29,"14,700",1992,월성주공5,44.94,8,-
대구광역시 달서구 이곡동,1306-4,202201,29,"19,000",1998,한빛마을(성서주공3차),59.99,17,-
대구광역시 수성구 매호동,1055,202201,29,"20,300",1996,시지협화타운2,59.93,7,-
대구광역시 수성구 만촌동,1356-3,202201,29,"72,000",2003,메트로팔레스1,117.99,9,-
대구광역시 북구 대현동,535,202201,29,"47,500",2016,센트럴파크대현,84.64,22,-
대구광역시 북구 동천동,889,202201,29,"19,600",1999,칠곡우방하이츠,59.96,6,-
대구광역시 북구 읍내동,533,202201,29,"17,300",1998,칠곡우방,59.98,2,-
대구광역시 북구 고성동3가,46,202201,29,"27,500",1981,태평보성,55.08,3,-
대구광역시 북구 태전동,936-1,202201,29,"10,900",1993,한신중앙,47.25,1,-
대구광역시 북구 구암동,788,202201,29,"19,000",2001,그린빌4차,59.83,6,-
대구광역시 북구 구암동,772,202201,29,"29,000",2001,그린빌2차,84.34,13,-
대구광역시 북구 동천동,891,202201,29,"20,800",2002,동화골든빌,58.234,10,-
대구광역시 동구 신암동,766,202201,29,"30,500",2005,신암뜨란채,59.44,9,-
대구광역시 동구 동호동,26,202201,29,"19,800",2014,동호아너스,69.1,4,-
대구광역시 동구 효목동,591,202201,29,"14,400",1981,럭키3,57.32,2,-
대구광역시 동구 각산동,404-1,202201,29,"14,900",1996,금강진우타운,59.8,2,-
대구광역시 동구 각산동,1177,202201,29,"33,300",2018,각산서한이다음,74.5797,2,-
대구광역시 동구 지묘동,824,202201,29,"18,400",2001,팔공보성타운3,59.985,13,-
대구광역시 동구 신천동,292-6,202201,29,"10,000",2014,동대구유성푸르나임,27.47,6,-
부산광역시 기장군 일광읍 삼성리,785,202201,29,"75,000",2020,일광자이푸르지오2단지,84.9677,8,-
부산광역시 사상구 덕포동,51,202201,29,"16,500",1992,오양힐타운,84.945,5,-
부산광역시 수영구 광안동,1330,202201,29,"140,000",2014,쌍용예가디오션,113.5016,17,-
부산광역시 연제구 연산동,1357-4,202201,29,"20,000",2016,우일아내트,45.5979,9,-
부산광역시 강서구 명지동,3343,202201,29,"43,000",2016,명지2차금강펜테리움센트럴파크,66.6612,22,-
부산광역시 강서구 지사동,1186,202201,29,"19,700",2015,협성·DS엘리시안,68.1307,9,20220215
부산광역시 강서구 명지동,3354,202201,29,"59,000",2015,명지1차 금강펜테리움 센트럴파크,84.2591,25,-
부산광역시 금정구 부곡동,244-7,202201,29,"27,000",1999,대우,40.95,13,-
부산광역시 금정구 부곡동,788-78,202201,29,"25,900",1996,국제그린,82.47,5,-
부산광역시 사하구 장림동,244-6,202201,29,"16,000",1992,장림우림그린맨션,84.89,10,-
부산광역시 사하구 장림동,599-27,202201,29,"15,800",2005,장림윌더하임,59.9666,25,-
부산광역시 사하구 장림동,599-27,202201,29,"15,800",2005,장림윌더하임,59.9666,25,20220210
부산광역시 사하구 괴정동,306-1,202201,29,"34,500",2017,그린시티,69.817,5,-
부산광역시 사하구 장림동,2,202201,29,"8,500",2002,경동메르빌아파트,53.5994,5,-
부산광역시 사하구 장림동,532,202201,29,"10,000",1992,벽산아파트,78.88,10,-
부산광역시 사하구 장림동,340-8,202201,29,"29,500",2017,장림역사하베스티움,59.5491,15,-
부산광역시 해운대구 좌동,1450,202201,29,"37,200",1998,SKVIEW,59.91,5,-
부산광역시 해운대구 반여동,1594-1,202201,29,"8,500",1979,보훈,40.66,1,-
부산광역시 해운대구 반여동,1594-1,202201,29,"8,500",1979,보훈,40.66,1,-
부산광역시 해운대구 반여동,1594-1,202201,29,"8,500",1979,보훈,40.66,3,-
부산광역시 북구 금곡동,810,202201,29,"9,400",1996,금곡8단지주공,42.29,15,-
부산광역시 북구 덕천동,409-2,202201,29,"11,800",1983,삼화,44.979,1,-
부산광역시 북구 만덕동,943-1,202201,29,"20,000",2006,상록한신휴플러스,59.918,5,-
부산광역시 북구 구포동,1060-140,202201,29,"21,000",2011,용진힐타운,84.96,4,20220518
부산광역시 북구 구포동,1248-7,202201,29,"11,600",1993,백조그린타운,81.37,3,-
부산광역시 남구 우암동,10,202201,29,"21,400",1999,대승하이아트,59.78,20,-
부산광역시 동래구 사직동,590-3,202201,29,"46,000",2006,사직2차삼정그린코아,84.9282,15,-
부산광역시 동래구 온천동,192-6,202201,29,"24,200",2017,은우아일레,62.5102,16,-
부산광역시 동래구 사직동,590-3,202201,29,"46,000",2006,사직2차삼정그린코아,84.9282,15,20220401
부산광역시 동래구 온천동,161-1,202201,29,"18,000",2006,SK허브올리브,53.29,12,-
부산광역시 동래구 사직동,597,202201,29,"33,000",1999,한신,84.94,2,-
부산광역시 동래구 사직동,1039,202201,29,"84,800",2016,사직역삼정그린코아더베스트1차,84.9587,2,-
부산광역시 부산진구 연지동,01월 06일,202201,29,"38,800",2006,유림노르웨이숲,84.8034,7,-
부산광역시 부산진구 연지동,403,202201,29,"57,800",2007,연지자이,84.9842,14,-
부산광역시 부산진구 당감동,1024,202201,29,"38,500",2019,서면2차봄여름가을겨울,59.7941,30,-
부산광역시 영도구 청학동,489-30,202201,29,"24,700",2004,원우엔리치빌,84.9149,12,-
부산광역시 영도구 남항동1가,170-1,202201,29,"30,000",2016,퀸페로스,84.98,15,-
부산광역시 영도구 동삼동,1123,202201,29,"13,200",1993,동삼그린힐,41.3,8,-
부산광역시 동구 좌천동,784-3,202201,29,"6,200",1978,좌천현대,56.23,3,-
부산광역시 동구 범일동,1655,202201,29,"48,000",2018,오션브릿지,59.92,9,-
부산광역시 서구 부민동1가,Jun-32,202201,29,"28,400",2008,허브센티움,84.95,4,-
서울특별시 강동구 암사동,414-2,202201,29,"118,000",2008,롯데캐슬퍼스트,59.99,6,-
서울특별시 강동구 암사동,414-2,202201,29,"125,000",2008,롯데캐슬퍼스트,59.99,8,-
서울특별시 동작구 대방동,505,202201,29,"105,000",1999,우정,84.6,21,-
서울특별시 금천구 독산동,1088,202201,29,"53,000",1990,독산주공14단지,38.64,13,-
서울특별시 금천구 시흥동,806,202201,29,"70,000",2006,시흥동월드메르디앙,82.81,13,-
서울특별시 강서구 화곡동,1168,202201,29,"48,000",2019,스위트드림아파트,50.91,7,-
서울특별시 강서구 내발산동,753,202201,29,"93,000",2008,마곡수명산파크4단지,59.84,10,-
서울특별시 양천구 신정동,337,202201,29,"120,000",2000,목동우성2,84.96,12,-
서울특별시 마포구 신공덕동,159,202201,29,"111,750",2000,신공덕래미안2차,59.48,11,-
서울특별시 마포구 도화동,547,202201,29,"110,500",1998,도화현대,59.4,11,-
서울특별시 서대문구 북아현동,1013,202201,29,"147,000",2018,e편한세상신촌1단지,59.85,17,-
서울특별시 은평구 진관동,62,202201,29,"122,000",2019,은평스카이뷰자이,84.7488,18,-
서울특별시 은평구 갈현동,541-1,202201,29,"41,800",2001,갈현건영,59.99,6,-
서울특별시 은평구 응암동,761,202201,29,"135,000",2011,백련산힐스테이트3차,114.9,12,-
서울특별시 노원구 상계동,691,202201,29,"62,500",1988,상계주공7(고층),45.55,4,-
서울특별시 노원구 공릉동,743,202201,29,"60,000",2000,공릉동한보에센시티아파트,59.4,4,-
서울특별시 도봉구 쌍문동,730,202201,29,"71,000",2004,대우파크힐(쌍문동이안),84.955,7,-
서울특별시 강북구 미아동,1353,202201,29,"85,000",2004,에스케이북한산시티,84.92,7,-
서울특별시 성북구 길음동,1288,202201,29,"140,000",2019,래미안길음센터피스,84.66,26,-
서울특별시 성북구 하월곡동,225,202201,29,"107,500",2006,래미안월곡,84.589,19,-
서울특별시 중랑구 묵동,13,202201,29,"50,000",1996,신내,39.84,7,-
서울특별시 중랑구 신내동,618,202201,29,"61,000",1997,동성3,59.4,9,-
서울특별시 동대문구 답십리동,497-23,202201,29,"15,000",2015,청계푸르지오시티,18.92,16,-
서울특별시 광진구 구의동,656,202201,29,"93,000",2000,새한,84.91,3,-
서울특별시 성동구 금호동4가,800,202201,29,"163,750",2001,대우,114.71,1,-
서울특별시 성동구 성수동1가,718,202201,29,"303,000",2017,트리마제,84.8111,3,-
서울특별시 성동구 금호동4가,800,202201,29,"122,000",2001,대우,59.97,20,-
서울특별시 용산구 문배동,08월 24일,202201,29,"15,500",2012,프라임펠리스,13.69,18,-
전북특별자치도 정읍시 수성동,940,202201,29,"18,800",2016,뉴캐슬,59.9539,10,-
전북특별자치도 익산시 동산동,1058,202201,29,"8,000",1989,비사벌,59.92,4,-
전북특별자치도 전주시 덕진구 만성동,1367-1,202201,29,"46,900",2018,골드클래스,74.1214,17,-
전북특별자치도 전주시 완산구 서신동,961,202201,29,"18,000",1999,동아한일,59.93,2,-
전북특별자치도 전주시 완산구 효자동3가,1524-2,202201,29,"46,000",2007,호반베르디움,84.9164,11,-
강원특별자치도 춘천시 후평동,912,202201,29,"39,000",2021,춘천후평우미린뉴시티,77.752,21,-
경상남도 김해시 진영읍 진영리,1554,202201,29,"14,800",2004,수홍하이랜드1차,84.9499,5,-
경상남도 창원시 진해구 청안동,474,202201,29,"10,500",2002,부영2차,59.8404,10,-
경상남도 창원시 진해구 장천동,260,202201,29,"41,300",2016,창원한신휴플러스오션파크,84.4557,4,-
경상북도 예천군 예천읍 청복리,383-4,202201,29,"2,800",1997,예천세아101동,39.6,18,-
경상북도 영주시 가흥동,254,202201,29,"13,800",2002,화성리버빌2,59.4512,8,-
충청남도 아산시 둔포면 석곡리,1797,202201,29,"27,500",2016,아산테크노밸리EGthe14단지,72.345,7,-
전라남도 무안군 삼향읍 남악리,2310,202201,29,"16,500",2013,펠리시티2차,69.0298,5,-
전라남도 화순군 화순읍 대리,Mar-97,202201,29,"7,900",1996,대광로제비앙,59.97,2,-
전라남도 순천시 조례동,1884,202201,29,"39,000",2019,영무예다음,84.962,11,-
충청북도 충주시 안림동,1171,202201,29,"32,000",2016,충주2차푸르지오,59.9622,15,-
충청북도 청주시 흥덕구 복대동,853-5,202201,29,"12,000",2017,포빌,47.215,12,20220216
충청북도 청주시 상당구 방서동,655,202201,29,"46,800",2019,청주하트리움리버파크,84.8401,21,-
경기도 김포시 감정동,517-1,202201,29,"30,500",1998,쌍용,59.8,3,-
경기도 안성시 공도읍 진사리,Jan-36,202201,29,"18,000",2000,주은청설,59.73,3,-
경기도 안성시 공도읍 마정리,Jun-45,202201,29,"2,600",1997,대림한숲원,24.57,1,-
경기도 파주시 야동동,587,202201,29,"16,500",2001,대방노블랜드(587-0),59.73,1,-
경기도 파주시 금촌동,11월 13일,202201,29,"20,500",1993,동문1차아파트201동,75.06,12,-
경기도 동두천시 지행동,717-2,202201,29,"37,900",2004,송내주공1단지,84.76,12,-
경기도 용인시 처인구 포곡읍 둔전리,385,202201,29,"34,000",1998,신원1차,84.73,2,-
경기도 군포시 산본동,1155,202201,29,"45,000",1993,가야주공,41.85,14,-
경기도 화성시 병점동,485,202201,29,"37,900",1999,한신,59.808,15,-
경기도 안산시 단원구 선부동,1081,202201,29,"30,000",1993,산호한양,50.085,3,-
경기도 안산시 단원구 고잔동,671,202201,29,"49,700",1987,주공8,75.51,9,-
경기도 안산시 상록구 본오동,880,202201,29,"43,400",1990,반월한양,71.7235,10,-
경기도 수원시 권선구 금곡동,79,202201,29,"48,000",1998,삼익3,84.97,16,-
경기도 평택시 용이동,581,202201,29,"36,500",2015,평택용이금호어울림1단지,67.5496,17,-
울산광역시 울주군 언양읍 서부리,236,202201,29,"16,000",1996,삼성아파트,59.91,19,-
울산광역시 북구 중산동,1317-3,202201,29,"34,500",2018,U-스타시티일동미라주더스타2단지,73.4718,17,-
울산광역시 북구 매곡동,864,202201,29,"37,500",2011,월드메르디앙월드시티,84.8997,11,-
광주광역시 광산구 우산동,1571-1,202201,29,"8,400",1991,하남주공(2단지),44.94,4,-
광주광역시 북구 본촌동,3102,202201,29,"57,700",2019,힐스테이트본촌,84.9976,9,-
인천광역시 서구 심곡동,259-2,202201,29,"30,000",1997,극동늘푸른,59.795,14,-
인천광역시 서구 왕길동,661-1,202201,29,"44,800",2007,대림e-편한세상(검단2지구66BL1L),84.91,7,-
대구광역시 달성군 화원읍 천내리,42,202201,29,"28,200",1989,(화원)영남,73.7775,2,-
대구광역시 달성군 유가읍 봉리,595,202201,29,"31,550",2016,대구테크노폴리스화성파크드림,77.4304,12,-
부산광역시 기장군 기장읍 대라리,240,202201,29,"20,100",2003,이진캐스빌,59.91,16,-
서울특별시 금천구 시흥동,806,202201,29,"49,000",2006,시흥동월드메르디앙,59.88,1,-
경기도 부천시 원미구 역곡동,Jan-46,202201,29,"25,200",1986,은성,36.69,1,-
경기도 부천시 소사구 소사본동,190-3,202201,29,"16,800",1989,소라아파트,37.32,1,-
경기도 김포시 구래동,6874-20,202201,29,"55,500",2018,김포한강아이파크,84.9592,3,-
경기도 수원시 영통구 영통동,972-2,202201,29,"47,000",1997,벽적골주공휴먼시아8단지,59.99,16,-
경기도 부천시 원미구 심곡동,389-1,202201,29,"23,000",2003,삼융,59.2966,9,-
경기도 고양시 일산서구 일산동,973-31,202201,29,"35,000",1997,일산동문(3),58.988,14,-
경기도 안성시 금광면 신양복리,139-1,202201,29,"15,800",2001,홍익,59.744,12,-
경기도 부천시 소사구 송내동,441-8,202201,29,"36,800",1985,동신,58.59,8,-
강원특별자치도 춘천시 석사동,822,202201,29,"19,800",1998,퇴계주공4,59.99,18,-
충청남도 천안시 서북구 두정동,1377,202201,29,"12,500",2017,프라지움9차,49.9631,9,-
경기도 안성시 금광면 신양복리,139-1,202201,29,"10,650",2001,홍익,38.984,3,-
충청북도 청주시 상당구 영운동,145-11,202201,29,"15,000",1995,신라송림,84.66,12,-
경상남도 창원시 성산구 남양동,24,202201,29,"18,000",1995,피오르빌,49.51,2,-
경상남도 창원시 성산구 상남동,Jan-45,202201,29,"29,000",1994,성원,59.97,15,-
경상남도 김해시 부곡동,800-3,202201,29,"14,900",2004,월산마을4-1단지부영18차,80.8839,12,-
경기도 의정부시 낙양동,736,202201,29,"52,000",2018,대광로제비앙포레스트,82.8289,18,-
부산광역시 동래구 온천동,1444-1,202201,29,"27,000",2005,궁전아이브,84.54,4,-
부산광역시 부산진구 양정동,525,202201,29,"59,200",2006,대원칸타빌멤버스,130.3494,5,-
울산광역시 울주군 삼남읍 교동리,1522-5,202201,29,"7,700",1992,태봉파크맨션,59.73,9,-
경상북도 경산시 압량읍 부적리,537,202201,29,"8,000",1998,한라빌라트,44.96,2,-
경상북도 경산시 압량읍 부적리,777,202201,29,"11,800",1997,부적주공,59.99,2,-
경상북도 경산시 압량읍 신대리,703,202201,29,"34,000",2015,경산푸르지오,84.962,4,-
경기도 부천시 원미구 약대동,169-38,202201,29,"18,700",1984,흥립약대,44.01,3,-
전북특별자치도 전주시 덕진구 인후동1가,1033,202201,29,"30,800",2007,두산위브,84.98,18,-
인천광역시 남동구 논현동,564-1,202201,29,"30,700",1998,주공1단지,59.13,11,-
경기도 성남시 중원구 은행동,Jun-32,202201,29,"81,000",1994,현대,84.63,10,-
전라남도 광양시 중동,1655,202201,29,"16,800",2001,호반,80.779,1,-
경상남도 김해시 구산동,321,202201,29,"7,500",1992,구산제2주공,41.85,12,-
충청북도 청주시 상당구 용암동,2104,202201,29,"19,500",1994,현대2,84.23,1,-
경상남도 거제시 양정동,885,202201,29,"42,000",2012,거제수월힐스테이트,84.7952,6,-
경기도 오산시 원동,807,202201,29,"25,000",1996,삼환,59.88,1,-
부산광역시 영도구 동삼동,1124,202201,29,"25,500",1994,함지그린,45.5,18,-
충청남도 당진시 송악읍 기지시리,504,202201,29,"23,000",2018,힐스테이트당진2차,62.9771,8,-
전북특별자치도 고창군 고창읍 읍내리,410-9,202201,28,"8,500",1995,상원모양맨션,59.84,1,-
전북특별자치도 김제시 검산동,1080,202201,28,"26,700",2015,김제검산샬레1차,84.9375,3,-
전북특별자치도 김제시 검산동,1030,202201,28,"8,900",1998,진우(1차),59.99,11,-
전북특별자치도 남원시 월락동,659,202201,28,"22,900",2014,남원산이고운코아루,59.9341,6,-
전북특별자치도 남원시 도통동,163,202201,28,"12,800",1995,우성,59.93,4,-
전북특별자치도 정읍시 상동,82,202201,28,"7,050",1997,우미타운,49.77,1,-
전북특별자치도 정읍시 시기동,112-7,202201,28,"10,300",1995,영화,59.9,8,-
전북특별자치도 익산시 모현동1가,883,202201,28,"34,100",2012,배산제일풍경채에듀파크아파트,84.625,8,-
전북특별자치도 익산시 부송동,231-26,202201,28,"10,800",1997,동아(2),59.98,23,-
전북특별자치도 익산시 팔봉동,304,202201,28,"10,900",2002,기안파인골드빌1차,69.77,3,-
전북특별자치도 익산시 어양동,689,202201,28,"16,700",2003,주공8차,59.92,12,-
전북특별자치도 익산시 모현동1가,02월 01일,202201,28,"13,000",1991,현대(1),84.945,2,-
전북특별자치도 익산시 모현동1가,303-1,202201,28,"11,800",1993,모현현대2차,59.4,15,-
전북특별자치도 익산시 영등동,768-1,202201,28,"14,450",1995,제일1차,59.99,1,-
전북특별자치도 익산시 영등동,821,202201,28,"16,100",1998,영등3차제일아파트,59.77,6,-
전북특별자치도 군산시 미룡동,896-1,202201,28,"7,900",2001,주공2차,50.28,14,-
전북특별자치도 군산시 나운동,Jul-45,202201,28,"8,400",1996,주공5차,58.14,15,-
전북특별자치도 군산시 나운동,153-12,202201,28,"16,750",1995,서호아파트,84.99,13,-
전북특별자치도 군산시 미룡동,896-1,202201,28,"7,900",2001,주공2차,50.28,14,20220314
전북특별자치도 군산시 수송동,830-1,202201,28,"32,000",2010,세영리첼,84.9033,5,-
전북특별자치도 군산시 산북동,3637,202201,28,"2,000",1997,부향하나로4차,39.08,12,-
전북특별자치도 군산시 미룡동,857,202201,28,"5,300",2002,대명미룡아파트(2차),49.14,7,-
전북특별자치도 군산시 지곡동,607,202201,28,"30,400",2014,쌍용예가,74.9972,16,-
전북특별자치도 전주시 덕진구 송천동1가,870,202201,28,"64,000",2009,송천아이파크5단지,126.5005,12,20220419
전북특별자치도 전주시 덕진구 인후동2가,1565-24,202201,28,"6,300",1987,반촌,57.78,1,-
전북특별자치도 전주시 덕진구 송천동1가,464,202201,28,"8,400",1987,비사벌(464),59.85,4,-
전북특별자치도 전주시 덕진구 송천동2가,179-121,202201,28,"11,600",2018,센텀시티,28.017,5,-
전북특별자치도 전주시 덕진구 인후동1가,890-1,202201,28,"13,000",1999,인후꿈마을부영(2차),59.933,10,-
전북특별자치도 전주시 덕진구 송천동1가,605-4,202201,28,"18,000",1993,한양,116.725,1,-
전북특별자치도 전주시 덕진구 고랑동,1224,202201,28,"19,200",2016,고랑동노블레스더센텀,59.9716,17,-
전북특별자치도 전주시 덕진구 인후동1가,890-3,202201,28,"20,000",1997,아중제일,84.915,2,-
전북특별자치도 전주시 덕진구 송천동2가,1288,202201,28,"44,200",2013,전주송천동한라비발디2단지,84.99,10,-
전북특별자치도 전주시 덕진구 진북동,1166-1,202201,28,"11,000",1991,거성고속맨션2차,93.96,8,-
전북특별자치도 전주시 덕진구 송천동2가,1338,202201,28,"50,000",2018,에코시티더샵,84.93,3,-
전북특별자치도 전주시 완산구 삼천동1가,138-6,202201,28,"12,223",1986,광진공작,59.22,5,-
전북특별자치도 전주시 완산구 삼천동1가,138-6,202201,28,"12,223",1986,광진공작,59.22,5,-
전북특별자치도 전주시 완산구 중화산동1가,221-1,202201,28,"9,200",1993,남양서원,59.94,12,-
전북특별자치도 전주시 완산구 삼천동1가,138-6,202201,28,"12,223",1986,광진공작,59.22,4,-
전북특별자치도 전주시 완산구 삼천동1가,138-6,202201,28,"12,305",1986,광진공작,59.22,3,-
전북특별자치도 전주시 완산구 삼천동1가,138-6,202201,28,"12,223",1986,광진공작,59.22,2,-
전북특별자치도 전주시 완산구 삼천동1가,138-6,202201,28,"12,305",1986,광진공작,59.22,1,-
전북특별자치도 전주시 완산구 삼천동1가,138-6,202201,28,"12,461",1986,광진공작,59.22,5,-
전북특별자치도 전주시 완산구 삼천동1가,138-6,202201,28,"12,223",1986,광진공작,59.22,5,-
전북특별자치도 전주시 완산구 삼천동1가,138-6,202201,28,"12,305",1986,광진공작,59.22,5,-
전북특별자치도 전주시 완산구 삼천동1가,138-6,202201,28,"11,990",1986,광진공작,59.22,4,-
전북특별자치도 전주시 완산구 삼천동1가,138-6,202201,28,"12,223",1986,광진공작,59.22,4,-
전북특별자치도 전주시 완산구 삼천동1가,138-6,202201,28,"12,223",1986,광진공작,59.22,2,-
전북특별자치도 전주시 완산구 삼천동1가,138-6,202201,28,"12,305",1986,광진공작,59.22,2,-
전북특별자치도 전주시 완산구 삼천동1가,138-6,202201,28,"12,223",1986,광진공작,59.22,5,-
전북특별자치도 전주시 완산구 삼천동1가,138-6,202201,28,"12,223",1986,광진공작,59.22,5,-
전북특별자치도 전주시 완산구 삼천동1가,138-6,202201,28,"12,833",1986,광진공작,59.22,3,-
전북특별자치도 전주시 완산구 삼천동1가,138-6,202201,28,"12,305",1986,광진공작,59.22,3,-
전북특별자치도 전주시 완산구 삼천동1가,138-6,202201,28,"12,223",1986,광진공작,59.22,2,-
전북특별자치도 전주시 완산구 삼천동1가,138-6,202201,28,"12,223",1986,광진공작,59.22,3,-
전북특별자치도 전주시 완산구 삼천동1가,138-6,202201,28,"11,990",1986,광진공작,59.22,3,-
전북특별자치도 전주시 완산구 삼천동1가,138-6,202201,28,"12,223",1986,광진공작,59.22,2,-
전북특별자치도 전주시 완산구 삼천동1가,138-6,202201,28,"12,223",1986,광진공작,59.22,1,-
전북특별자치도 전주시 완산구 삼천동1가,138-6,202201,28,"12,305",1986,광진공작,59.22,5,-
전북특별자치도 전주시 완산구 삼천동1가,138-6,202201,28,"12,223",1986,광진공작,59.22,4,-
전북특별자치도 전주시 완산구 삼천동1가,138-6,202201,28,"12,833",1986,광진공작,59.22,3,-
전북특별자치도 전주시 완산구 삼천동1가,138-6,202201,28,"10,800",1986,광진공작,59.22,5,-
전북특별자치도 전주시 완산구 삼천동1가,138-6,202201,28,"11,500",1986,광진공작,59.22,2,-
전북특별자치도 전주시 완산구 삼천동1가,138-6,202201,28,"12,305",1986,광진공작,59.22,3,-
전북특별자치도 완주군 봉동읍 둔산리,873-3,202201,28,"16,700",2006,전주첨단코아루2차,84.9534,1,-
전북특별자치도 전주시 완산구 평화동2가,567,202201,28,"13,500",1998,동신,59.58,11,-
전북특별자치도 전주시 완산구 서신동,961,202201,28,"17,900",1999,동아한일,59.93,2,-
전북특별자치도 전주시 완산구 효자동3가,1483-2,202201,28,"26,800",1999,서곡두산,84.9,14,-
전북특별자치도 전주시 완산구 서신동,764-2,202201,28,"28,300",1995,제일비사벌새터마을,84.84,14,-
전북특별자치도 전주시 완산구 서신동,763-1,202201,28,"17,100",1995,서신동신일,59.98,9,-
전북특별자치도 전주시 완산구 삼천동1가,705-1,202201,28,"20,500",1991,개나리1차,59.0125,4,-
전북특별자치도 전주시 완산구 서신동,962-1,202201,28,"18,000",2001,서신2차광진산업장미,59.55,13,-
전북특별자치도 전주시 완산구 삼천동1가,585-2,202201,28,"7,000",1987,쌍용2단지,30.21,3,-
전북특별자치도 전주시 완산구 동서학동,290-3,202201,28,"11,000",1993,거산황궁맨션,84.91,1,-
전북특별자치도 전주시 완산구 중노송동,303,202201,28,"25,000",2005,우성해오름,100.0362,7,-
전북특별자치도 전주시 완산구 효자동1가,213-2,202201,28,"9,600",1984,광진,76.59,5,-
전북특별자치도 전주시 완산구 평화동1가,445-6,202201,28,"5,300",1992,"평화주공1,2",44.94,15,-
강원특별자치도 철원군 동송읍 이평리,1554,202201,28,"29,000",2008,금강아미움(101~107동),84.972,13,-
전북특별자치도 완주군 봉동읍 둔산리,873-2,202201,28,"17,000",2012,전주과학산업단지벽산e-솔렌스힐,75.9682,15,-
강원특별자치도 평창군 대관령면 수하리,500,202201,28,"42,000",2018,동계올림픽선수촌아파트,74.907,15,-
전북특별자치도 완주군 이서면 상개리,546-6,202201,28,"4,500",2004,지엘하늘가,39.629,2,-
강원특별자치도 영월군 영월읍 하송리,394,202201,28,"10,500",1999,주공4,59.8,5,-
강원특별자치도 횡성군 둔내면 둔방내리,589,202201,28,"8,000",2000,경림,58.189,4,-
강원특별자치도 홍천군 홍천읍 하오안리,155,202201,28,"5,900",2000,삼호2차,52.972,1,-
강원특별자치도 속초시 교동,628-1,202201,28,"14,500",1991,서울대명1,84.9,6,-
강원특별자치도 속초시 조양동,1459,202201,28,"35,000",2020,속초서희스타힐스더베이,84.91,16,-
강원특별자치도 속초시 조양동,1540,202201,28,"26,000",1998,부영1(동광),84.76,7,-
강원특별자치도 속초시 청호동,1356,202201,28,"49,000",2018,속초청호아이파크,84.94,18,-
강원특별자치도 태백시 황지동,229-16,202201,28,"4,500",1983,주공,45.69,1,-
강원특별자치도 태백시 동점동,74,202201,28,"1,200",1986,동점,39.72,4,-
강원특별자치도 동해시 천곡동,415,202201,28,"6,900",1991,천곡주공4차,39.6,1,-
강원특별자치도 동해시 동회동,457,202201,28,"28,000",2019,북삼2차웰메이드타운,75.5869,15,-
강원특별자치도 동해시 용정동,260-2,202201,28,"5,250",1996,범주성지,59.92,5,-
강원특별자치도 동해시 평릉동,449,202201,28,"17,400",2010,동해하나리움,59.9514,8,-
강원특별자치도 동해시 발한동,599-5,202201,28,"3,300",1991,경민2차,64.3,6,-
강원특별자치도 강릉시 회산동,130,202201,28,"44,000",2018,힐스테이트강릉,84.9925,12,-
강원특별자치도 강릉시 홍제동,1037,202201,28,"50,000",2016,우미린아파트,84.9843,11,-
강원특별자치도 강릉시 입암동,440,202201,28,"28,800",1998,입암현대,84.904,11,-
강원특별자치도 강릉시 내곡동,476,202201,28,"17,700",1997,내곡한라,59.97,3,-
강원특별자치도 강릉시 입암동,506-5,202201,28,"8,000",1998,태평양임대,39.348,11,-
강원특별자치도 강릉시 포남동,1063,202201,28,"5,800",1989,동덕.영진광업소사원주택,36.33,5,-
강원특별자치도 원주시 흥업면 사제리,337,202201,28,"2,800",1999,거장,32.67,5,-
강원특별자치도 원주시 단계동,807-1,202201,28,"8,500",1996,세경3차,59.76,1,-
강원특별자치도 원주시 단구동,1478-4,202201,28,"22,700",2003,유승,84.4687,12,-
강원특별자치도 원주시 단구동,1517-2,202201,28,"16,400",1997,한일,59.91,12,-
강원특별자치도 원주시 지정면 가곡리,1537,202201,28,"39,000",2018,원주롯데캐슬더퍼스트1차,84.9663,24,-
강원특별자치도 원주시 일산동,247-162,202201,28,"10,450",2001,일산국제,59.91,4,-
강원특별자치도 원주시 단구동,1517-2,202201,28,"16,700",1997,한일,59.91,3,-
강원특별자치도 원주시 단구동,1588-4,202201,28,"10,800",2000,청솔2차,58.65,13,-
강원특별자치도 원주시 명륜동,376,202201,28,"12,000",1988,단구1단지,32.43,3,-
강원특별자치도 원주시 단구동,1026-18,202201,28,"8,800",1991,동보렉스5,52.47,10,-
강원특별자치도 원주시 단계동,1166,202201,28,"28,500",2007,단계이안1단지,130.47,1,20220519
강원특별자치도 원주시 판부면 서곡리,2048,202201,28,"31,000",2018,남원주코아루미소지움,79.9775,7,-
강원특별자치도 원주시 단구동,1588-1,202201,28,"17,800",2002,현진에버빌2,59.699,14,-
강원특별자치도 원주시 무실동,1715-1,202201,28,"35,500",2010,원주무실6단지휴먼시아,84.9,13,-
강원특별자치도 원주시 태장동,548,202201,28,"3,500",1988,정암,41.31,5,-
강원특별자치도 원주시 관설동,1713-1,202201,28,"13,300",2002,청솔6차,59.85,3,-
강원특별자치도 원주시 반곡동,Apr-42,202201,28,"34,500",2013,푸른숨 휴브레스,84.92,5,-
강원특별자치도 춘천시 신북읍 천전리,1351,202201,28,"8,000",1997,춘천해강,59.96,2,-
강원특별자치도 춘천시 후평동,542-3,202201,28,"5,600",1975,봉의,41.514,3,-
강원특별자치도 춘천시 퇴계동,944,202201,28,"17,500",1993,한주,84.6,5,-
강원특별자치도 춘천시 온의동,572,202201,28,"14,700",1995,한주,59.91,11,-
강원특별자치도 춘천시 퇴계동,1052,202201,28,"39,000",2007,퇴계이안,112.4741,17,-
강원특별자치도 춘천시 후평동,595,202201,28,"14,000",1997,극동,84.946,2,-
강원특별자치도 춘천시 효자동,821,202201,28,"5,730",1999,동보,28.38,10,-
강원특별자치도 춘천시 석사동,971,202201,28,"37,000",2007,신도브래뉴,128.1497,3,-
강원특별자치도 춘천시 동내면 거두리,936,202201,28,"25,000",2006,초록지붕,84.4255,17,-
제주특별자치도 서귀포시 동홍동,201,202201,28,"19,300",1991,삼아,84.42,2,-
제주특별자치도 서귀포시 보목동,1280,202201,28,"15,000",1992,장안아파트101동102동,84.24,1,-
제주특별자치도 서귀포시 동홍동,157,202201,28,"28,700",2013,동홍동코아루,60.9375,10,-
제주특별자치도 서귀포시 신효동,845,202201,28,"33,500",2018,라오체효돈,84.96,6,-
제주특별자치도 서귀포시 동홍동,388-1,202201,28,"23,800",2011,가나노블휘닉스,83.3861,3,-
제주특별자치도 서귀포시 동홍동,528-1,202201,28,"50,000",2018,동홍동파밀리움,127.7836,4,-
제주특별자치도 제주시 외도일동,449-1,202201,28,"10,000",2011,제웅1차솔내음빌리지,40.38,5,-
제주특별자치도 제주시 도남동,64,202201,28,"18,950",1994,백록,71.61,4,-
제주특별자치도 제주시 이도일동,1539-7,202201,28,"34,000",2021,제이시티팰리스,72.64,11,-
제주특별자치도 제주시 연동,293-15,202201,28,"7,000",2013,민트하우스,24.44,5,-
제주특별자치도 제주시 연동,293-13,202201,28,"10,900",2004,시스빌,36.11,12,-
제주특별자치도 제주시 화북일동,1989-30,202201,28,"27,000",2003,덕진9차,84.99,7,-
제주특별자치도 제주시 연동,276-11,202201,28,"39,000",2012,연동하늘그린,84.9,6,-
제주특별자치도 제주시 도남동,800,202201,28,"59,500",2005,도남1차e-편한세상,84.647,4,-
제주특별자치도 제주시 연동,Jan-64,202201,28,"38,000",1991,대림(103동),84.92,2,-
제주특별자치도 제주시 노형동,1041-5,202201,28,"18,900",1995,미화2차,59.55,4,20220418
제주특별자치도 제주시 일도이동,365-1,202201,28,"13,500",1998,용인아파트,47.52,3,-
제주특별자치도 제주시 일도이동,365-1,202201,28,"13,500",1998,용인아파트,47.52,3,20220128
경상남도 함양군 함양읍 교산리,328-1,202201,28,"8,000",1989,현대,68.382,2,-
경상남도 남해군 남해읍 아산리,970-1,202201,28,"12,800",1992,남양,76.47,8,-
경상남도 고성군 고성읍 교사리,129,202201,28,"5,600",1995,대동맨션,56.33,5,-
경상남도 고성군 고성읍 동외리,144-2,202201,28,"24,400",2011,디에스아이존빌2차,84.6925,1,-
경상남도 창녕군 부곡면 부곡리,319-7,202201,28,"17,600",2019,자연포레아파트,79.4078,3,-
경상남도 창녕군 도천면 송진리,169-2,202201,28,"3,950",2001,삼호,57.5804,4,-
경상남도 양산시 상북면 대석리,665,202201,28,"8,950",1992,일양하이츠타운,84.81,6,-
경상남도 양산시 물금읍 가촌리,1273-1,202201,28,"34,500",2017,양산대방노블랜드7차메가시티,59.7512,17,-
경상남도 양산시 남부동,608-4,202201,28,"25,000",2005,동원로얄듀크,59.9648,11,-
경상남도 양산시 물금읍 가촌리,1281,202201,28,"36,300",2016,힐데스하임,73.5388,11,-
경상남도 양산시 동면 석산리,1451-1,202201,28,"27,200",2017,양우내안애6차에코뷰아파트,59.7659,12,20220228
경상남도 양산시 신기동,508-3,202201,28,"14,000",1993,신기주공,49.94,15,-
경상남도 양산시 평산동,391,202201,28,"7,500",1992,새진흥5,77.65,7,-
경상남도 양산시 덕계동,1580,202201,28,"23,000",2019,동양산 우성스마트시티 뷰,61.3364,13,-
경상남도 양산시 주진동,182-1,202201,28,"4,500",2016,로즈힐,39.96,16,-
경상남도 양산시 덕계동,881,202201,28,"16,300",1999,부영벽산,74.01,19,-
경상남도 양산시 물금읍 가촌리,1323,202201,28,"26,500",2020,양산코오롱하늘채,59.8016,20,-
경상남도 양산시 신기동,653,202201,28,"23,500",2019,양산유탑유블레스하늘리에,70.611,17,-
경상남도 양산시 상북면 대석리,665,202201,28,"8,950",1992,일양하이츠타운,84.81,6,20220223
경상남도 양산시 북정동,434,202201,28,"8,300",1993,대동,49.71,4,-
경상남도 거제시 양정동,920,202201,28,"17,900",2005,일성양정아리채,74.9262,8,-
경상남도 거제시 고현동,414-2,202201,28,"16,800",2004,주영에이스빌,84.563,5,-
경상남도 거제시 상동동,50,202201,28,"10,500",2004,덕산3차베스트타운,59.5141,8,-
경상남도 거제시 거제면 옥산리,1515,202201,28,"24,043",2017,거제오션파크자이,84.9435,12,-
경상남도 거제시 양정동,885,202201,28,"40,500",2012,거제수월힐스테이트,84.9281,9,-
경상남도 거제시 고현동,1062,202201,28,"13,500",2002,거제2차덕산베스트타운,59.76,14,-
경상남도 거제시 거제면 서정리,745-1,202201,28,"10,500",1991,한신계룡맨션,75.46,3,-
경상남도 거제시 덕포동,779-3,202201,28,"15,400",2017,거제옥포도뮤토1단지,59.99,7,-
경상남도 거제시 상동동,1041,202201,28,"18,500",2013,벽산e-솔렌스힐1차,59.9492,16,-
경상남도 밀양시 삼문동,01월 15일,202201,28,"14,850",1994,유성청구타운,84.94,3,-
경상남도 김해시 부곡동,802-2,202201,28,"22,000",2004,월산마을5단지두산위브,84.9131,16,-
경상남도 김해시 삼계동,1439-1,202201,28,"19,800",2003,화정마을1단지,84.9814,21,-
경상남도 김해시 어방동,499,202201,28,"10,000",1994,대우유토피아,59.99,13,-
경상남도 김해시 어방동,871-1,202201,28,"31,200",2009,신성김해미소지움,120.785,6,-
경상남도 김해시 부곡동,801-3,202201,28,"17,650",2002,월산마을2단지부영7차,80.7474,15,-
경상남도 김해시 어방동,680,202201,28,"17,300",1998,어방동원,84.93,13,-
경상남도 김해시 율하동,1316,202201,28,"38,900",2012,율상마을모아미래도5단지,84.9292,6,-
경상남도 김해시 삼계동,1549,202201,28,"27,500",2021,삼계한라비발디센텀시티,75.7607,9,-
경상남도 김해시 외동,1249-7,202201,28,"11,200",1996,성원,49.89,2,-
경상남도 김해시 관동동,1165,202201,28,"33,400",2017,김해율하서희스타힐스,84.937,4,-
경상남도 김해시 외동,1261-9,202201,28,"14,300",1997,한국,49.56,14,-
경상남도 김해시 삼계동,1439-4,202201,28,"24,000",2002,화정마을부영1차,84.9814,18,-
경상남도 김해시 관동동,1051,202201,28,"26,500",2009,율곡마을세영리첼,84.9911,12,-
경상남도 김해시 진영읍 진영리,1611-4,202201,28,"22,900",2006,중흥에스-클래스진영2단지,84.961,7,-
경상남도 김해시 외동,1250-1,202201,28,"16,500",1996,뜨란채,59.99,10,-
경상남도 김해시 율하동,1371,202201,28,"52,800",2009,신리마을중앙하이츠8단지,128.5692,3,20220407
경상남도 김해시 주촌면 선지리,1374,202201,28,"45,000",2019,김해주촌두산위브더제니스,84.9765,8,-
경상남도 김해시 삼계동,1435,202201,28,"11,400",2003,화정마을부영6차,49.842,3,-
경상남도 김해시 진례면 청천리,787-1,202201,28,"14,000",2005,진례장원하이드파크,84.1737,2,-
경상남도 사천시 정동면 고읍리,438-15,202201,28,"8,400",1995,한빛타운,59.96,13,-
경상남도 사천시 정동면 고읍리,570-1,202201,28,"9,400",1998,사천한보3차,59.94,9,-
경상남도 사천시 사남면 월성리,12월 01일,202201,28,"7,500",1999,사천한주빌라트,59.87,3,-
경상남도 통영시 북신동,703,202201,28,"17,700",1992,광우그랜드맨션,84.89,8,-
경상남도 통영시 광도면 죽림리,1579,202201,28,"35,000",2007,푸르지오1차,101.569,6,-
경상남도 통영시 무전동,1025-2,202201,28,"19,100",2015,휴엔하임,65.15,12,-
경상남도 통영시 무전동,1023-2,202201,28,"18,500",2002,일성한샘빌라2차,59.8748,6,-
경상남도 통영시 광도면 죽림리,251-1,202201,28,"22,350",2010,주영더팰리스1차,73.8143,9,-
경상남도 진주시 이현동,1180,202201,28,"24,500",2008,이현하이클래스웰가,75.07,16,-
경상남도 진주시 신안동,454-2,202201,28,"23,800",1994,평거현대2,84.832,12,-
경상남도 진주시 망경동,439-15,202201,28,"8,500",1989,이화맨션,84.63,5,-
경상남도 진주시 가좌동,660,202201,28,"11,500",1993,가좌주공1차,38.64,2,-
경상남도 진주시 가좌동,660,202201,28,"12,500",1993,가좌주공2차,44.94,14,-
경상남도 진주시 상봉동,615-2,202201,28,"6,500",1994,화인,65.07,12,-
경상남도 진주시 평거동,737,202201,28,"8,800",1993,한보타운,59.94,16,-
경상남도 진주시 주약동,360,202201,28,"18,000",2001,현대,59.92,4,-
경상남도 진주시 하대동,101,202201,28,"16,500",1996,현대,84.93,3,-
경상남도 진주시 하대동,641-33,202201,28,"13,250",1996,쌍용,59.99,19,-
경상남도 진주시 초전동,1640-1,202201,28,"48,000",2009,진주초전푸르지오1단지,134.68,3,-
경상남도 진주시 이현동,08월 01일,202201,28,"17,800",1983,이현주공,55.8,1,-
경상남도 진주시 신안동,705-1,202201,28,"12,900",1997,신안주공3,49.96,2,-
경상남도 진주시 하대동,654-2,202201,28,"13,100",1992,대영,84.86,2,-
경상남도 진주시 신안동,454-2,202201,28,"16,770",1994,평거현대2,59.92,14,-
경상남도 진주시 평거동,141,202201,28,"28,000",2017,건영아모리움,78.9317,13,-
경상남도 진주시 신안동,705-1,202201,28,"12,900",1997,신안주공3,49.96,2,20220224
경상남도 진주시 평거동,797,202201,28,"27,700",2011,평거휴먼시아4단지,59.98,1,-
경상남도 진주시 문산읍 삼곡리,1350-4,202201,28,"6,000",1994,고려,59.4,3,-
경상남도 진주시 금산면 장사리,962-1,202201,28,"23,200",2007,진주푸르지오1단지,84.9414,16,-
경상남도 진주시 이현동,08월 01일,202201,28,"15,000",1983,이현주공,48.6,4,-
경상남도 창원시 진해구 이동,418-1,202201,28,"16,800",1991,남흥,77.21,3,-
경상남도 창원시 진해구 장천동,132,202201,28,"25,500",2008,벽산이솔렌스힐,84.9483,10,-
경상남도 창원시 진해구 석동,Jan-90,202201,28,"11,850",1991,석동주공,32.76,1,-
경상남도 창원시 진해구 경화동,1488-4,202201,28,"13,800",2015,덕진디딤돌,64.3806,2,-
경상남도 창원시 진해구 이동,445-2,202201,28,"32,500",2008,진해이동디에스아이존빌,84.8366,4,-
경상남도 창원시 진해구 장천동,119-12,202201,28,"32,000",2007,진해장천대동다:숲,84.8242,14,-
경상남도 창원시 진해구 청안동,477,202201,28,"15,400",2002,부영1차,84.9538,2,-
경상남도 창원시 마산회원구 양덕동,888-1,202201,28,"30,000",1998,우성,84.72,17,-
경상남도 창원시 마산회원구 구암동,Jan-51,202201,28,"27,500",2006,중앙하이츠,84.8109,3,-
경상남도 창원시 마산회원구 양덕동,161-1,202201,28,"32,000",2002,대림하이빌,120.8039,19,-
경상남도 창원시 마산회원구 양덕동,161-1,202201,28,"32,000",2002,대림하이빌,120.8039,19,20220209
경상남도 창원시 마산회원구 양덕동,12월 20일,202201,28,"17,600",2003,신우빌리지,82.5207,9,-
경상남도 창원시 마산회원구 내서읍 호계리,10,202201,28,"21,000",2001,코오롱하늘채1차아파트,84.967,12,-
경상남도 창원시 마산회원구 내서읍 삼계리,37,202201,28,"15,800",1999,대동다:숲,76.99,5,-
경상남도 창원시 마산합포구 월영동,738,202201,28,"40,000",2019,마린애시앙부영,84.9463,28,-
경상남도 창원시 마산합포구 월영동,614-7,202201,28,"23,800",1998,월영동아,84.64,17,-
경상남도 창원시 마산합포구 교방동,510,202201,28,"32,000",2009,무학산벽산블루밍1단지,84.9308,11,-
경상남도 창원시 마산합포구 월영동,593,202201,28,"11,800",1991,화인아트빌라1,79.23,9,-
경상남도 창원시 마산합포구 해운동,49,202201,28,"18,200",1995,두산3,59.34,14,-
경상남도 창원시 성산구 내동,454-11,202201,28,"14,300",1976,삼미종합특수강,65.15,4,-
경상남도 창원시 성산구 용호동,69,202201,28,"103,000",2017,용지더샵레이크파크,84.475,17,-
경상남도 창원시 성산구 대방동,357,202201,28,"14,700",1992,개나리1차,42.18,11,20220508
경상남도 창원시 성산구 대방동,374,202201,28,"25,400",1996,대방동성,60,18,-
경상남도 창원시 성산구 상남동,Jan-45,202201,28,"56,500",1994,성원,108.5,7,-
경상남도 창원시 성산구 남양동,22,202201,28,"31,000",1992,성원2차,84.92,5,-
경상남도 창원시 성산구 용호동,70,202201,28,"110,300",2017,용지아이파크,84.7312,22,-
경상남도 창원시 성산구 대원동,81,202201,28,"11,500",1997,대원파크빌,52.92,4,-
경상남도 창원시 성산구 사파동,93,202201,28,"35,000",1992,동성,84.71,13,-
경상남도 창원시 성산구 안민동,Jan-56,202201,28,"18,600",2004,삼성그렌드,84.161,1,-
경상남도 창원시 성산구 반림동,10,202201,28,"68,500",2007,노블파크,84.95,4,-
경상남도 창원시 성산구 남양동,20,202201,28,"29,950",1991,성원1차,79.69,6,-
경상남도 창원시 성산구 대방동,355,202201,28,"12,000",1992,성원남산3차,47.97,7,-
경상남도 창원시 성산구 대방동,357,202201,28,"14,700",1992,개나리1차,42.18,10,20220622
경상남도 창원시 의창구 북면 무동리,144-1,202201,28,"25,000",2014,휴먼빌3단지,84.987,10,-
경상남도 창원시 의창구 북면 감계리,225-1,202201,28,"28,500",2017,창원감계힐스테이트4차,68.9762,4,-
경상남도 창원시 의창구 북면 감계리,229-1,202201,28,"23,400",2014,휴먼빌,59.97,3,-
경상남도 창원시 의창구 북면 무동리,144-1,202201,28,"28,900",2014,휴먼빌3단지,84.957,6,-
경상북도 칠곡군 석적읍 남율리,1511,202201,28,"15,700",2015,효성해링턴플레이스(3단지),59.9953,3,-
경상북도 칠곡군 기산면 죽전리,274-4,202201,28,"9,300",2009,월드피아,59.9375,1,-
경상북도 칠곡군 북삼읍 인평리,1090,202201,28,"5,500",1995,인평창신,59.93,4,-
경상북도 칠곡군 북삼읍 인평리,1090,202201,28,"5,300",1995,인평창신,59.93,13,-
경상북도 경산시 백천동,619,202201,28,"35,800",2018,경산 삼도뷰엔빌W,84.9688,4,-
경상북도 경산시 진량읍 신상리,205-1,202201,28,"13,300",2005,보국웰리치,59.84,9,-
경상북도 경산시 중산동,655,202201,28,"51,000",2018,펜타힐즈더샵2차,77.968,14,-
경상북도 경산시 대평동,428-1,202201,28,"20,000",2004,대평그린빌,59.45,7,-
경상북도 경산시 진량읍 양기리,403-3,202201,28,"6,500",1996,초원장미타운,59.88,8,-
경상북도 상주시 낙양동,199-39,202201,28,"12,200",1995,명지2차,84.99,8,-
경상북도 영천시 완산동,1470,202201,28,"25,879",2019,영천완산미소지움2차,84.7579,5,-
경상북도 영천시 완산동,1470,202201,28,"19,640",2019,영천완산미소지움2차,67.1603,1,-
경상북도 영천시 야사동,120,202201,28,"5,000",1994,야사5단지주공아파트,51.66,9,-
경상북도 영천시 야사동,120,202201,28,"3,000",1991,야사주공3차단지,47.31,5,-
경상북도 영천시 망정동,461,202201,28,"17,800",2015,인터불고코아루,84.916,9,20220812
경상북도 영천시 금호읍 원제리,20,202201,28,"1,800",2018,금호윤성모닝타운,29.94,14,-
경상북도 영천시 야사동,211-4,202201,28,"5,200",1991,유성타워맨션,58.26,6,20220202
경상북도 영주시 하망동,524-1,202201,28,"17,000",2003,청구,84.8921,5,-
경상북도 영주시 가흥동,319,202201,28,"16,000",1994,현대강변타운2,125.24,13,-
경상북도 구미시 상모동,Jan-77,202201,28,"18,200",1999,신세계타운1,84.93,18,-
경상북도 구미시 산동읍 신당리,1383,202201,28,"44,000",2017,우미린센트럴파크,84.9722,11,-
경상북도 구미시 상모동,271,202201,28,"27,200",2007,세양청마루,122.8136,9,-
경상북도 구미시 사곡동,697-1,202201,28,"15,800",2001,보성황실타운,60,12,-
경상북도 구미시 상모동,03월 18일,202201,28,"9,700",2002,세종,75.205,2,-
경상북도 구미시 남통동,415,202201,28,"28,800",2009,남통e-편한세상,84.6174,13,-
경상북도 구미시 산동읍 신당리,1383,202201,28,"30,500",2017,우미린센트럴파크,59.9527,10,-
경상북도 구미시 산동읍 신당리,1383,202201,28,"31,000",2017,우미린센트럴파크,59.9527,10,-
경상북도 구미시 송정동,40,202201,28,"8,100",1990,로얄맨션,40.26,2,-
경상북도 구미시 인의동,651,202201,28,"17,800",2006,인의대동다숲,84.8287,3,-
경상북도 구미시 옥계동,919,202201,28,"29,800",2016,중흥S클래스에듀힐스,75.9637,9,-
경상북도 안동시 풍산읍 안교리,486-2,202201,28,"4,300",1995,풍산세종1,59.96,5,-
경상북도 안동시 용상동,1606,202201,28,"7,000",1984,용상3주공,49.22,4,-
경상북도 안동시 용상동,1557,202201,28,"9,200",1988,용상4주공,39.69,2,-
경상북도 안동시 송현동,1153,202201,28,"23,900",2013,안동극동스타클래스,69.62,1,-
경상북도 김천시 응명동,1028,202201,28,"14,300",2014,김천대신코아루,59.8587,12,-
경상북도 김천시 율곡동,408,202201,28,"26,500",2013,경북혁신케이씨씨스위첸,74.84,9,-
경상북도 김천시 신음동,1307,202201,28,"9,600",2002,김천주공해돋이타운,49.81,10,-
경상북도 김천시 교동,950,202201,28,"16,000",2006,코아루1차,84.9015,12,-
경상북도 김천시 신음동,1309,202201,28,"21,000",2003,주공그린빌,84.8,8,-
경상북도 김천시 아포읍 국사리,1119,202201,28,"3,500",2004,아포덕일한마음,29.25,9,-
경상북도 김천시 부곡동,981-3,202201,28,"2,950",1990,미주2,59.83,5,-
경상북도 경주시 건천읍 건천리,245-1,202201,28,"12,800",2018,프리미엄성보파크,80.79,11,-
경상북도 경주시 안강읍 산대리,1885,202201,28,"4,400",2000,우성한빛타운1차,39.99,4,-
경상북도 경주시 현곡면 금장리,399-2,202201,28,"21,000",1996,삼성강변타운,84.98,12,-
경상북도 경주시 황성동,643-6,202201,28,"11,500",1992,삼익세라믹,81.27,2,-
경상북도 경주시 용강동,1328-6,202201,28,"10,000",1995,대신3,59.88,8,-
경상북도 경주시 안강읍 산대리,2378,202201,28,"1,650",1996,안강에덴타운,40,6,-
경상북도 경주시 천북면 동산리,913,202201,28,"14,800",2019,경주휴엔하임퍼스트,49.9441,16,-
경상북도 경주시 현곡면 하구리,1282,202201,28,"28,900",2018,경주현곡푸르지오,72.7722,11,-
경상북도 경주시 동천동,702-12,202201,28,"14,500",1992,우주로얄맨션,84.93,6,-
경상북도 경주시 현곡면 금장리,440-4,202201,28,"7,900",1991,금성로얄,69.24,6,-
경상북도 경주시 강동면 유금리,378,202201,28,"3,500",1999,위덕삼성타운,39.9912,1,-
경상북도 포항시 북구 환호동,409-1,202201,28,"16,300",2005,해맞이그린빌1단지,59.94,2,-
경상북도 포항시 북구 두호동,280,202201,28,"12,000",1986,명지파크,51.57,2,-
경상북도 포항시 북구 장성동,1612,202201,28,"43,500",2010,두산위브더제니스,107.7,27,-
경상북도 포항시 북구 우현동,540,202201,28,"20,000",2000,신동아베르디,84.39,23,-
경상북도 포항시 북구 흥해읍 마산리,264,202201,28,"4,200",1993,세종황제맨션,52.375,4,-
경상북도 포항시 북구 죽도동,Aug-52,202201,28,"12,000",2015,푸르미르,59.4647,7,-
경상북도 포항시 북구 죽도동,646-12,202201,28,"25,600",2019,포항동부이끌림,84.939,12,-
경상북도 포항시 북구 죽도동,613-2,202201,28,"9,700",1985,대명그랜드맨션2,75.87,5,-
경상북도 포항시 북구 양덕동,439-1,202201,28,"25,000",2013,한양수자인,74.97,11,-
경상북도 포항시 북구 장성동,1608,202201,28,"26,300",2008,현진에버빌2단지,84.96,17,-
경상북도 포항시 남구 대잠동,469-13,202201,28,"14,500",1999,이동대우,84.9667,10,-
경상북도 포항시 남구 연일읍 생지리,Jan-88,202201,28,"14,400",2008,하이리치B동,84.8884,4,-
경상북도 포항시 남구 오천읍 문덕리,307-1,202201,28,"17,700",2017,정림다채움아파트,66.8781,3,-
경상북도 포항시 남구 연일읍 유강리,594-3,202201,28,"23,000",1999,대림한숲타운3차,84.91,12,-
전라남도 진도군 진도읍 남동리,131-5,202201,28,"15,800",2006,세림아름누리,84.9289,6,-
전라남도 무안군 삼향읍 남악리,1578,202201,28,"17,400",2006,남악리젠시빌,58.6574,9,-
전라남도 무안군 삼향읍 남악리,2321,202201,28,"32,500",2013,남악신도시모아엘가2차,84.867,10,-
전라남도 무안군 삼향읍 남악리,2100,202201,28,"25,000",2007,남악신도시아이파크,84.91,6,-
전라남도 무안군 삼향읍 남악리,1592,202201,28,"26,500",2008,신동아파밀리에,84.93,20,-
전라남도 무안군 삼향읍 남악리,1480,202201,28,"19,000",2008,근화베아채,59.9881,19,-
전라남도 영암군 삼호읍 용당리,2183,202201,28,"6,650",2012,희망가,59.9456,10,-
전라남도 해남군 해남읍 구교리,922,202201,28,"23,300",2019,구교센트럴파크아파트,83.9313,5,-
전라남도 해남군 해남읍 남외리,577,202201,28,"17,900",2012,본가패밀리,77.2947,4,-
전라남도 해남군 해남읍 구교리,918,202201,28,"8,500",1999,구교2주공,49.85,4,-
전라남도 화순군 화순읍 대리,Aug-37,202201,28,"16,300",2002,한국아델리움,84.7265,3,-
전라남도 광양시 광양읍 구산리,762-2,202201,28,"10,500",2002,매화마을주공,51.49,2,-
전라남도 광양시 마동,1019,202201,28,"13,000",2002,금광블루빌,74.86,7,-
전라남도 광양시 광영동,757-1,202201,28,"4,000",1992,상아,60,4,-
전라남도 광양시 금호동,624-7,202201,28,"10,250",1990,매화,72.68,3,-
전라남도 나주시 삼영동,63,202201,28,"7,900",1991,대덕맨션,83.83,2,-
전라남도 나주시 빛가람동,325,202201,28,"33,000",2015,루멘하임,84.9826,16,-
전라남도 순천시 조례동,1800,202201,28,"22,200",2001,송촌프라임,84.62,14,-
전라남도 순천시 조례동,372-1,202201,28,"18,400",2005,대주파크빌3차,59.6307,13,-
전라남도 순천시 왕지동,843,202201,28,"73,000",2009,순천왕지동롯데캐슬,154.816,8,-
전라남도 순천시 해룡면 신대리,1970,202201,28,"29,800",2018,중흥에코시티7단지,59.707,7,-
전라남도 순천시 해룡면 상삼리,660,202201,28,"18,700",1996,정원에코힐,84.99,8,-
전라남도 순천시 해룡면 상삼리,691,202201,28,"9,150",2001,청솔1,56.4,13,-
전라남도 순천시 해룡면 상삼리,694,202201,28,"10,300",2001,청솔2,56.4,14,-
전라남도 순천시 조례동,1608,202201,28,"11,600",1995,금당대주,59.66,12,-
전라남도 순천시 연향동,1378,202201,28,"16,400",1993,현대1,84.69,15,-
전라남도 순천시 조례동,1820,202201,28,"15,800",2003,연동대주1차,59.96,14,-
전라남도 순천시 해룡면 신대리,1970,202201,28,"31,200",2018,중흥에코시티7단지,59.707,22,-
전라남도 순천시 덕월동,331,202201,28,"5,400",2005,청미래2차,30.618,12,-
전라남도 여수시 화장동,740,202201,28,"13,000",1995,무선주공2차,58.14,14,-
전라남도 여수시 오림동,409-2,202201,28,"9,150",1987,부영3,59.94,5,-
전라남도 여수시 학동,54,202201,28,"57,300",2008,신동아파밀리에,130.8036,15,-
전라남도 목포시 산정동,1080-56,202201,28,"6,000",1987,삼성,58.74,1,-
전라남도 목포시 옥암동,984,202201,28,"17,000",2002,제일하이빌2,84.9597,2,-
전라남도 목포시 용해동,152-80,202201,28,"17,400",1992,동아,134.94,12,-
전라남도 목포시 상동,251-16,202201,28,"17,000",2002,호반리젠시빌,84.8842,13,-
전라남도 목포시 상동,1139-7,202201,28,"32,400",2019,에메랄드퀸,84.52,35,-
전라남도 목포시 대양동,527,202201,28,"9,500",2005,아이엠로즈빌,59.8268,7,-
전라남도 목포시 옥암동,1246,202201,28,"31,500",2014,근화옥암베아채,84.9066,13,-
전라남도 목포시 상동,845-1,202201,28,"7,500",1992,비파2,48.34,7,-
전라남도 목포시 상동,713,202201,28,"16,000",2004,광명샤인빌2차,84.9392,4,-
전라남도 목포시 용해동,400-1,202201,28,"8,000",1990,라이프,84.76,3,-
전라남도 목포시 산정동,994-4,202201,28,"6,900",1993,중앙하이츠,56.07,1,-
전라남도 목포시 석현동,1178,202201,28,"14,900",2018,에드가안채,47.9094,10,-
충청남도 예산군 예산읍 신례원리,589,202201,28,"4,400",2005,아름채,39.8464,13,-
충청남도 당진시 송악읍 기지시리,504,202201,28,"23,200",2018,힐스테이트당진2차,62.7016,20,-
충청남도 당진시 송악읍 기지시리,510,202201,28,"26,500",2016,힐스테이트당진,84.9865,4,-
충청남도 당진시 시곡동,136-1,202201,28,"8,500",2007,우민늘사랑,59.94,18,-
충청남도 당진시 읍내동,1448,202201,28,"25,800",2010,남산공원휴먼빌,84.9614,9,-
충청남도 당진시 원당동,1257,202201,28,"37,500",2012,당진원당이안,158.2869,6,-
충청남도 계룡시 엄사면 엄사리,282,202201,28,"10,400",1997,성원,58.32,12,-
충청남도 서산시 동문동,228,202201,28,"7,500",1988,주공,39.3,3,-
충청남도 서산시 읍내동,55,202201,28,"20,300",2000,서산읍내현대,76.988,4,-
충청남도 서산시 읍내동,688-10,202201,28,"6,250",1990,동일,64.2,10,-
충청남도 서산시 성연면 일람리,1089,202201,28,"22,000",2018,서산테크노밸리고운라피네,75.1389,19,20220718
충청남도 서산시 읍내동,55,202201,28,"20,300",2000,서산읍내현대,76.988,4,20220223
충청남도 서산시 읍내동,738-6,202201,28,"25,500",2006,롯데캐슬,84.7188,7,-
충청남도 아산시 좌부동,84,202201,28,"7,200",1995,초원설화타운2,59.88,8,-
충청남도 아산시 방축동,140-4,202201,28,"12,000",1997,동아나래,59.806,12,-
충청남도 아산시 둔포면 석곡리,1805,202201,28,"28,000",2017,아산테크노밸리이지더원8단지,65.9698,5,-
충청남도 아산시 방축동,140-4,202201,28,"15,500",1997,동아나래,84.96,7,-
충청남도 아산시 신창면 남성리,476-6,202201,28,"6,400",1995,아산한미금강,59.34,8,-
충청남도 아산시 인주면 해암리,280-4,202201,28,"5,950",2000,미진무지개,32.61,1,-
충청남도 아산시 풍기동,229-71,202201,28,"18,400",2000,주은,59.52,13,-
충청남도 아산시 배방읍 공수리,282-5,202201,28,"7,300",1997,아산한도,39.9,3,-
충청남도 보령시 죽정동,666-6,202201,28,"13,100",1992,현대,84.3,9,-
충청남도 공주시 금흥동,602,202201,28,"40,000",2010,공주신금우남퍼스트빌,84.667,14,-
충청남도 천안시 서북구 쌍용동,1920,202201,28,"19,000",1999,"쌍용마을뜨란채,주공아파트",59.95,13,-
충청남도 천안시 서북구 쌍용동,2100,202201,28,"118,000",2011,파크밸리동일하이빌,243.122,17,-
충청남도 천안시 서북구 쌍용동,379-33,202201,28,"14,500",1985,이화,79.43,5,-
충청남도 천안시 서북구 쌍용동,1552,202201,28,"26,000",1998,월봉현대,99.17,11,-
충청남도 천안시 서북구 쌍용동,1282,202201,28,"11,600",1995,주공7단지2차,49.77,8,-
충청남도 천안시 서북구 성환읍 매주리,183,202201,28,"7,000",1998,성환부영,49.92,7,-
충청남도 천안시 서북구 불당동,787,202201,28,"45,900",2004,대원칸타빌,133.852,9,-
충청남도 천안시 서북구 성거읍 요방리,160-22,202201,28,"2,450",1996,육영원룸,27.6,4,-
충청남도 천안시 서북구 성정동,717,202201,28,"20,800",1988,주공5-2,47.01,1,-
충청남도 천안시 동남구 용곡동,583,202201,28,"39,000",2007,용곡마을세광2차엔리치타워,139.609,2,-
충청남도 천안시 동남구 청당동,606,202201,28,"28,300",2009,중흥S클래스산운마을,84.994,2,-
충청남도 천안시 동남구 목천읍 신계리,166-22,202201,28,"6,800",1994,연합초원,59.49,3,-
충청남도 천안시 동남구 신부동,910,202201,28,"24,500",2007,우방유쉘(910),84.911,10,-
충청남도 천안시 동남구 목천읍 삼성리,09월 06일,202201,28,"8,500",1999,원앙마을부영2차,49.92,5,-
충청남도 천안시 동남구 신방동,902,202201,28,"4,800",1997,삼일원앙,28.12,7,-
충청남도 천안시 동남구 목천읍 신계리,134-3,202201,28,"5,200",2000,목천이수프라임,39.68,3,-
충청북도 음성군 금왕읍 본대리,산20-4,202201,28,"3,000",1992,광일,47.64,1,-
충청북도 음성군 대소면 오산리,114-5,202201,28,"3,800",1991,풍산(1~4동),49.86,5,-
충청북도 진천군 광혜원면 죽현리,202,202201,28,"2,800",2000,갑을아파트,39.06,2,-
충청북도 진천군 덕산읍 두촌리,2456,202201,28,"38,800",2016,영무예다음2차,84.9095,13,-
충청북도 증평군 증평읍 장동리,930,202201,28,"25,000",2015,대성베르힐리오파크,74.9688,9,-
충청북도 증평군 증평읍 장동리,930,202201,28,"20,000",2015,대성베르힐리오파크,59.95,16,-
충청북도 영동군 영동읍 계산리,529-1,202201,28,"28,400",2021,골든렉시움,84.5316,7,-
충청북도 영동군 영동읍 계산리,529-1,202201,28,"27,400",2021,골든렉시움,84.5316,2,-
충청북도 영동군 영동읍 계산리,529-1,202201,28,"28,900",2021,골든렉시움,84.5316,9,-
충청북도 보은군 보은읍 장신리,183,202201,28,"19,910",2018,보은신한헤센,74.969,18,-
충청북도 제천시 청전동,639,202201,28,"3,800",1991,비둘기,35.52,14,-
충청북도 제천시 동현동,Jan-63,202201,28,"3,900",1989,세경,56.88,4,-
충청북도 제천시 신백동,134,202201,28,"10,200",2000,신백덕일한마음2차,59.49,6,-
충청북도 제천시 신백동,134,202201,28,"9,700",2000,신백덕일한마음2차,59.46,15,-
충청북도 충주시 연수동,1231,202201,28,"6,800",1994,연수주공3차,44.94,9,-
충청북도 충주시 호암동,1191,202201,28,"55,700",2019,호암힐데스하임,99.87,20,-
충청북도 충주시 중앙탑면 용전리,661,202201,28,"26,700",2017,e편한세상충주,59.8841,8,-
충청북도 청주시 청원구 내수읍 은곡리,302,202201,28,"7,000",2000,천일은곡,59.739,13,-
충청북도 청주시 청원구 율량동,1206,202201,28,"14,800",1992,현대(1206),59.82,12,-
충청북도 청주시 청원구 오창읍 각리,646-1,202201,28,"33,200",2006,우림필유2차,84.9673,10,-
충청북도 청주시 청원구 오창읍 각리,646-6,202201,28,"23,900",2006,이안오창,59.4414,12,-
충청북도 청주시 청원구 주성동,337,202201,28,"55,500",2015,대원칸타빌3차아파트,105.736,5,-
충청북도 청주시 청원구 율량동,1302,202201,28,"6,200",1995,대창3,34.79,11,-
충청북도 청주시 흥덕구 옥산면 오산리,590-1,202201,28,"8,350",1998,아트빌,59.94,11,-
충청북도 청주시 흥덕구 신봉동,177,202201,28,"25,500",2007,우림필유,84.9081,6,-
충청북도 청주시 흥덕구 봉명동,Apr-90,202201,28,"9,800",1987,삼정주택,58.05,5,-
충청북도 청주시 흥덕구 옥산면 오산리,159-2,202201,28,"3,200",1989,삼영,43.2,4,-
충청북도 청주시 서원구 개신동,635,202201,28,"20,800",2000,주공뜨란채,59.42,14,-
충청북도 청주시 서원구 개신동,444-2,202201,28,"14,800",1993,두산한솔2,84.99,9,-
충청북도 청주시 서원구 분평동,1261,202201,28,"12,300",1998,주공4단지2차,49.77,13,-
충청북도 청주시 서원구 사직동,931,202201,28,"31,000",2010,푸르지오캐슬(101~117),84.4,16,-
충청북도 청주시 상당구 용암동,2085,202201,28,"10,750",1995,덕성그린타운,49.975,1,-
충청북도 청주시 상당구 용암동,2060,202201,28,"11,700",1996,부영,60,1,-
경기도 양평군 양평읍 양근리,170-7,202201,28,"19,800",1995,금광2,88.71,1,-
경기도 가평군 가평읍 달전리,285-1,202201,28,"14,000",1993,신초,78.935,4,-
경기도 여주시 천송동,599,202201,28,"45,000",2019,여주KCC스위첸,84.9386,19,20220407
경기도 여주시 오학동,100-5,202201,28,"13,500",1998,현진에버빌,59.58,6,-
경기도 포천시 소흘읍 송우리,150,202201,28,"29,500",1993,원일산호,130.22,5,-
경기도 포천시 신북면 가채리,Feb-30,202201,28,"3,900",2003,거산,43.03,2,-
경기도 양주시 삼숭동,569,202201,28,"26,000",2004,성우아파트아침의미소,59.82,7,-
경기도 양주시 백석읍 복지리,567,202201,28,"29,000",2010,동화6차옥시죤,84.9985,2,-
경기도 양주시 옥정동,955,202201,28,"43,500",2016,옥정센트럴파크푸르지오,58.9846,10,-
경기도 양주시 삼숭동,569,202201,28,"26,000",2004,성우아파트아침의미소,59.82,7,20220224
경기도 양주시 삼숭동,564,202201,28,"20,000",1999,나래,84.89,3,-
경기도 양주시 광적면 가납리,905,202201,28,"22,500",2017,양주벨라시티아파트,59.9407,4,-
경기도 양주시 삼숭동,683-1,202201,28,"32,300",2005,양주자이3단지,84.9218,2,-
경기도 광주시 초월읍 산이리,432,202201,28,"40,000",2004,대주파크빌,84.6166,11,-
경기도 화성시 정남면 발산리,490-12,202201,28,"15,700",2000,동남훼미리,59.898,4,-
경기도 화성시 청계동,536,202201,28,"102,900",2018,시범반도유보라아이비파크4.0,84.569,28,-
경기도 화성시 청계동,513,202201,28,"99,500",2015,동탄역시범리슈빌아파트,84.87,8,-
경기도 화성시 영천동,890,202201,28,"54,000",2019,동탄파크한양수자인,59.73,2,-
경기도 화성시 반송동,80,202201,28,"62,000",2007,동탄시범다은마을 월드메르디앙 반도유보라,59.07,22,-
경기도 화성시 석우동,55,202201,28,"76,800",2008,롯데캐슬,87.64,24,-
경기도 화성시 기안동,349,202201,28,"34,800",2001,우림그린빌리지,83.39,14,-
경기도 화성시 송산면 사강리,693-1,202201,28,"21,500",2019,화성사강영도엘리시아,55.16,15,-
경기도 화성시 석우동,49,202201,28,"65,000",2008,푸르지오,75.076,16,-
경기도 화성시 기안동,290,202201,28,"25,000",2002,광도와이드빌,59.7118,4,-
경기도 화성시 오산동,1044,202201,28,"59,500",2016,반도유보라아이비파크3,59.987,15,-
경기도 화성시 기산동,464,202201,28,"46,000",2003,삼성래미안1차,84.987,7,-
경기도 화성시 반송동,103-1,202201,28,"3,700",2007,동탄스카이뷰빌딩,18.73,10,-
경기도 화성시 청계동,513,202201,28,"100,500",2015,동탄역시범리슈빌아파트,84.87,10,-
경기도 화성시 청계동,538,202201,28,"60,000",2015,동탄역센트럴푸르지오,59.3401,19,-
경기도 화성시 송산면 육일리,726,202201,28,"21,600",2009,포도마을코스코밸리,84.9468,2,-
경기도 화성시 청계동,516,202201,28,"122,000",2015,동탄역시범대원칸타빌아파트,84.705,8,-
경기도 김포시 운양동,1407-5,202201,28,"47,500",2013,한강신도시푸르지오,59.9478,6,-
경기도 김포시 운양동,1304-5,202201,28,"63,000",2014,풍경마을래미안한강2차,84.98,17,-
경기도 김포시 구래동,6874-17,202201,28,"52,000",2013,호수마을e편한세상아파트,84.8743,17,-
경기도 김포시 구래동,Feb-95,202201,28,"46,250",2017,한강신도시3차푸르지오,59.539,11,-
경기도 안성시 공도읍 용두리,752,202201,28,"15,500",2002,주은풍림,49.77,3,-
경기도 안성시 공도읍 용두리,752,202201,28,"15,300",2002,주은풍림,49.77,11,-
경기도 안성시 숭인동,88,202201,28,"13,000",1994,동신,59.91,8,-
경기도 안성시 공도읍 진사리,Jan-36,202201,28,"12,200",2000,주은청설,39.75,12,-
경기도 이천시 장호원읍 진암리,17-18,202201,28,"12,700",1997,현대,59.35,3,-
경기도 이천시 대월면 사동리,441-1,202201,28,"14,450",1995,사동리현대아이파크,59.4,5,-
경기도 이천시 부발읍 아미리,753,202201,28,"46,500",1999,현대7,84.99,18,-
경기도 파주시 목동동,114-37,202201,28,"51,500",2001,산내마을8단지월드메르디앙(114-37),117.396,7,-
경기도 파주시 다율동,982,202201,28,"40,000",2005,청석마을8단지동문굿모닝힐,84.881,2,-
경기도 파주시 금촌동,52-39,202201,28,"32,000",1997,금촌타워(52-39),214.08,9,20220630
경기도 파주시 야당동,1015,202201,28,"56,800",2018,한빛마을4단지롯데캐슬Ⅱ,60.1761,18,-
경기도 파주시 검산동,310,202201,28,"20,000",2001,유승,84.792,10,-
경기도 용인시 수지구 상현동,30,202201,28,"75,000",1998,진산마을성원상떼빌아파트,84.96,8,-
경기도 용인시 수지구 신봉동,976,202201,28,"86,568",2010,신봉동일하이빌4단지,176.381,26,-
경기도 용인시 수지구 성복동,723,202201,28,"70,000",2002,벽산첼시빌2차,191.754,11,-
경기도 용인시 수지구 풍덕천동,1112,202201,28,"77,500",1999,현대성우8차,59.99,20,-
경기도 용인시 수지구 상현동,1134,202201,28,"122,000",2012,광교자이더클래스,84.987,4,-
경기도 용인시 수지구 성복동,789,202201,28,"136,000",2019,성복역롯데캐슬골드타운,84.9126,23,-
경기도 용인시 기흥구 신갈동,158,202201,28,"54,800",2001,양현마을풍림,59.96,2,-
경기도 용인시 기흥구 공세동,663,202201,28,"28,000",2005,불곡마을(벽산블루밍),71.03,11,-
경기도 용인시 기흥구 동백동,583,202201,28,"55,500",2006,백현마을경남아너스빌,84.98,10,-
경기도 용인시 처인구 김량장동,329-2,202201,28,"19,200",2016,스위트홈아파트,46.79,6,-
경기도 군포시 당동,979-1,202201,28,"70,000",2005,용호마을e-편한세상,84.969,9,-
경기도 군포시 산본동,1156-1,202201,28,"55,000",1992,한라주공4,41.85,9,-
경기도 시흥시 은행동,644,202201,28,"85,000",2019,시흥은계호반써밋플레이스,101.0232,34,-
경기도 시흥시 정왕동,1848-4,202201,28,"27,800",1997,진로,59.286,10,-
경기도 시흥시 정왕동,1847,202201,28,"23,000",1999,청솔아파트,48.45,6,-
경기도 오산시 부산동,778-1,202201,28,"40,000",2000,주공1,84.79,16,-
경기도 오산시 누읍동,561-1,202201,28,"12,300",2000,이림,37.47,2,-
경기도 오산시 갈곶동,251,202201,28,"22,800",1998,우림,59.95,5,-
경기도 남양주시 와부읍 덕소리,110-1,202201,28,"45,000",1996,주공1,58.14,10,-
경기도 남양주시 오남읍 오남리,429,202201,28,"28,500",2004,신우아이딜(1차),59.963,12,-
경기도 남양주시 퇴계원읍 퇴계원리,221,202201,28,"32,000",1994,강남아파트,84.87,1,-
경기도 남양주시 와부읍 덕소리,145-4,202201,28,"60,000",1999,강산마을코오롱대성,84.99,8,-
경기도 남양주시 와부읍 덕소리,606-1,202201,28,"61,000",1998,덕소주공3,84.79,13,-
경기도 남양주시 화도읍 묵현리,Jan-42,202201,28,"23,500",1994,마석건영,82.68,2,-
경기도 남양주시 오남읍 오남리,888,202201,28,"43,300",2006,두산위브,84.9916,4,-
경기도 남양주시 별내동,869,202201,28,"69,000",2014,유승한내들,84.2588,21,-
경기도 남양주시 다산동,6151,202201,28,"85,000",2019,다산e편한세상더퍼스트,84.75,19,-
경기도 남양주시 진건읍 용정리,780-4,202201,28,"29,000",2003,심미에셈빌,63.825,7,-
경기도 고양시 일산서구 주엽동,15,202201,28,"49,000",1999,문촌마을11단지건영,59.88,13,-
경기도 고양시 일산서구 탄현동,1479,202201,28,"34,000",1994,탄현마을(현대),68.04,16,-
경기도 고양시 일산서구 탄현동,1477,202201,28,"38,800",1995,탄현마을(건영5),68.61,10,-
경기도 고양시 일산동구 식사동,1487,202201,28,"100,000",2010,위시티일산자이1단지,137.1394,5,20230405
경기도 고양시 일산동구 중산동,1717,202201,28,"70,000",2010,센트럴더포레(하늘마을6단지휴먼시아),135.06,12,20220624
경기도 고양시 일산동구 식사동,1510,202201,28,"77,000",2010,위시티블루밍3단지,101.9,18,-
경기도 고양시 덕양구 행신동,953,202201,28,"43,000",1996,햇빛주공23,59.97,13,-
경기도 고양시 덕양구 행신동,953,202201,28,"40,000",1996,햇빛주공23,49.96,6,20220404
경기도 고양시 덕양구 동산동,365,202201,28,"92,000",2012,동산마을22단지호반베르디움,84.954,4,-
경기도 고양시 덕양구 도내동,1011,202201,28,"59,990",2013,도래울센트럴파크(CentralPark),59.98,6,-
경기도 고양시 덕양구 화정동,952,202201,28,"45,000",1995,별빛마을(부영)8(좋은집),50,8,-
경기도 안산시 단원구 선부동,1078,202201,28,"32,000",1990,군자주공11,39.66,4,-
경기도 안산시 단원구 선부동,978-1,202201,28,"23,500",1997,효성,59.76,14,-
경기도 안산시 상록구 성포동,592,202201,28,"63,000",1990,선경,129.46,12,-
경기도 안산시 상록구 사동,1423,202201,28,"49,000",2019,e편한세상상록,74.506,37,-
경기도 동두천시 지행동,172,202201,28,"28,000",2011,동양엔파트,84.9414,9,-
경기도 평택시 안중읍 현화리,828-1,202201,28,"20,500",1999,늘푸른사랑마을,59.87,14,-
경기도 평택시 지산동,1134,202201,28,"19,850",1994,미주2(지산1134),59.85,6,-
경기도 평택시 비전동,877,202201,28,"22,500",1994,동성한아름,72.48,3,-
경기도 평택시 죽백동,721,202201,28,"42,300",2017,평택소사벌중흥에스-클래스에코시티,75.52,6,-
경기도 평택시 칠원동,613,202201,28,"44,000",2021,평택지제역동문굿모닝힐맘시티3단지,59.7056,4,-
경기도 평택시 세교동,555,202201,28,"20,000",1996,부영1,59.94,14,-
경기도 평택시 이충동,594-2,202201,28,"22,000",1996,이충동부영3단지,59.94,4,-
경기도 평택시 세교동,573,202201,28,"53,800",2018,힐스테이트 평택 1차,73.55,18,-
경기도 평택시 칠원동,595,202201,28,"41,000",2019,평택지제역동문굿모닝힐맘시티4단지,59.7109,7,-
경기도 평택시 지산동,1093,202201,28,"14,000",1996,한양청솔,59.65,3,-
경기도 평택시 서정동,826-4,202201,28,"26,800",1996,금호타운,84.3,7,-
경기도 평택시 소사동,697,202201,28,"38,000",2019,평택효성해링턴플레이스2단지,59.875,28,-
경기도 평택시 장당동,473-1,202201,28,"23,500",1991,효명,84.54,6,-
경기도 평택시 동삭동,852,202201,28,"50,000",2019,평택센트럴자이3단지,59.5152,15,-
경기도 평택시 신장동,238-20,202201,28,"22,000",2017,대준블루온3,29.848,4,-
경기도 광명시 하안동,864,202201,28,"104,700",2010,이편한세상센트레빌,84.98,6,-
경기도 광명시 소하동,55,202201,28,"79,700",2000,동양메이저1차,117.81,4,-
경기도 광명시 소하동,1294,202201,28,"89,000",2009,광명소하휴먼시아5단지,84.95,2,20220128
경기도 안양시 만안구 안양동,78,202201,28,"49,500",2001,안양동경남아너스빌,59.91,5,-
경기도 안양시 만안구 안양동,622-5,202201,28,"14,900",2016,1'st이지움,19.01,6,-
경기도 안양시 만안구 안양동,622-5,202201,28,"14,100",2016,1'st이지움,18.35,4,-
경기도 안양시 만안구 안양동,1393,202201,28,"129,000",2016,래미안안양메가트리아,114.58,7,-
경기도 의정부시 민락동,731-2,202201,28,"26,000",2002,송산팰리스,49.86,11,-
경기도 의정부시 신곡동,687-1,202201,28,"21,200",1994,추동,49.14,6,-
경기도 의정부시 민락동,731-2,202201,28,"33,000",2002,송산팰리스,59.42,8,-
경기도 의정부시 의정부동,496-4,202201,28,"8,500",2013,아이비타워,18.6775,5,-
경기도 의정부시 장암동,419,202201,28,"79,500",2021,장암더샵포레스트,84.7338,20,-
경기도 성남시 분당구 백현동,545,202201,28,"220,000",2009,백현마을2단지,101.25,3,-
경기도 성남시 분당구 이매동,142,202201,28,"156,000",1993,아름마을(선경),83.58,2,-
경기도 성남시 분당구 야탑동,215,202201,28,"90,000",1995,매화마을공무원2,66.6,2,-
경기도 성남시 분당구 이매동,133,202201,28,"200,000",1993,아름마을(두산),158.4,16,-
경기도 성남시 분당구 삼평동,740,202201,28,"240,000",2012,판교호반써밋플레이스,131.24,4,-
경기도 성남시 중원구 상대원동,Mar-93,202201,28,"56,000",2005,현성아름빌,68.26,6,-
경기도 성남시 중원구 여수동,600,202201,28,"127,000",2012,센트럴타운(3단지),84.97,3,-
경기도 수원시 영통구 망포동,728,202201,28,"97,000",2017,힐스테이트영통,84.8897,15,-
경기도 수원시 영통구 영통동,964-5,202201,28,"49,000",1997,신나무실휴먼시아5단지,59.99,7,-
경기도 수원시 영통구 원천동,606,202201,28,"80,000",2014,광교호반베르디움,59.9306,11,-
경기도 수원시 영통구 원천동,593,202201,28,"146,000",2018,광교아이파크,90.952,20,-
경기도 수원시 영통구 매탄동,1260,202201,28,"58,000",2002,주공그린빌2,84.45,9,-
경기도 수원시 영통구 매탄동,1352,202201,28,"88,445",2008,매탄위브하늘채,103.4857,20,-
경기도 수원시 영통구 망포동,702,202201,28,"45,000",2004,쌍용스윗닷홈2차,84.8867,12,-
경기도 수원시 팔달구 인계동,1131,202201,28,"23,500",1995,수원시청역선경센트럴파크,88.545,8,-
경기도 수원시 권선구 세류동,141,202201,28,"40,000",1996,성원,59.4,3,-
경기도 수원시 권선구 세류동,141,202201,28,"40,000",1996,성원,59.4,3,-
경기도 수원시 권선구 권선동,1330,202201,28,"65,000",2011,권선자이e편한세상,84.9441,9,-
경기도 수원시 권선구 호매실동,1352,202201,28,"69,000",2017,극동스타클래스,84.94,5,-
세종특별자치시  도담동,627,202201,28,"51,000",2015,엘가에코힐(도램마을5단지),59.8808,22,-
세종특별자치시  보람동,784,202201,28,"70,500",2017,호려울마을 4단지 센트럴파크,80.8021,14,-
세종특별자치시  종촌동,654,202201,28,"62,000",2013,가재마을11단지,84.8154,5,-
세종특별자치시  조치원읍 신안리,542,202201,28,"42,000",2013,세종e편한세상,99.6514,3,-
세종특별자치시  새롬동,564,202201,28,"71,000",2019,새뜸마을13단지(트리쉐이드),69.961,13,-
세종특별자치시  연서면 봉암리,622,202201,28,"23,500",2002,대원네스트빌,59.858,1,-
울산광역시 울주군 언양읍 서부리,247-12,202201,28,"16,200",2002,이즈빌B,84.445,6,-
울산광역시 울주군 범서읍 구영리,207-1,202201,28,"43,300",2007,구영2차우미린,74.9978,17,-
울산광역시 울주군 온양읍 대안리,266-2,202201,28,"8,000",1992,우주그린가든,59.58,11,-
울산광역시 울주군 언양읍 서부리,187,202201,28,"10,000",1993,세명다이아몬드,73.32,7,-
울산광역시 북구 송정동,1207-2,202201,28,"63,850",2018,울산송정호반베르디움,84.973,15,-
울산광역시 북구 매곡동,864,202201,28,"35,000",2011,월드메르디앙월드시티,84.8844,9,-
울산광역시 북구 매곡동,966,202201,28,"45,000",2021,매곡에듀파크에일린의뜰,84.9939,19,-
울산광역시 북구 매곡동,895,202201,28,"47,000",2017,드림인시티에일린의뜰2차,84.9044,11,-
울산광역시 북구 연암동,402-1,202201,28,"14,100",1996,성원,48.78,4,20220304
울산광역시 북구 신천동,430-1,202201,28,"15,000",1993,신동,84.995,14,-
울산광역시 북구 명촌동,BL-115,202201,28,"28,800",2003,평창리비에르3차,84.9841,3,-
울산광역시 북구 천곡동,418,202201,28,"28,900",2005,삼성코아루,84.921,8,-
울산광역시 북구 매곡동,422-2,202201,28,"14,250",1996,현대파크맨션,71.13,1,-
울산광역시 동구 방어동,929-12,202201,28,"9,000",2002,굿모닝2,63.8425,5,-
울산광역시 남구 옥동,1386,202201,28,"33,000",1987,도성,50.25,2,-
울산광역시 남구 신정동,1241-8,202201,28,"37,000",2005,남산웰빙하우스,64.56,8,-
울산광역시 남구 신정동,1241-8,202201,28,"35,000",2005,남산웰빙하우스,74.83,6,-
울산광역시 남구 신정동,1241-8,202201,28,"32,500",2005,남산웰빙하우스,83.33,5,-
울산광역시 남구 신정동,1241-8,202201,28,"34,400",2005,남산웰빙하우스,84.88,4,-
울산광역시 남구 신정동,1241-8,202201,28,"38,500",2005,남산웰빙하우스,84.88,3,-
울산광역시 남구 삼산동,1538-2,202201,28,"34,700",1995,평창현대3차아파트,59.95,19,-
울산광역시 남구 야음동,911,202201,28,"70,000",2018,대현더샵,68.632,17,-
울산광역시 남구 신정동,1241-8,202201,28,"16,900",2005,남산웰빙하우스,41.24,5,-
울산광역시 남구 신정동,1241-8,202201,28,"17,800",2005,남산웰빙하우스,42.97,4,-
울산광역시 남구 신정동,1241-8,202201,28,"16,900",2005,남산웰빙하우스,42.97,3,-
울산광역시 남구 무거동,275-1,202201,28,"22,450",1997,굴화주공1,59.99,5,-
울산광역시 남구 야음동,538-1,202201,28,"16,500",1993,한라하이타운,59.4,2,-
울산광역시 남구 신정동,1902,202201,28,"48,400",2014,신정동협성휴포레,84.9615,6,-
울산광역시 남구 삼산동,1529-1,202201,28,"25,000",1998,벽산강변타운,59.925,14,-
울산광역시 남구 무거동,488-13,202201,28,"33,700",2001,옥현으뜸마을주공3,59.84,10,-
울산광역시 남구 무거동,477-1,202201,28,"27,570",2000,울산옥현1주공,59.89,14,-
울산광역시 남구 선암동,677-6,202201,28,"13,800",1989,한신청실맨션,60.87,2,-
울산광역시 중구 성안동,502-6,202201,28,"19,000",2001,창진아트빌2지구,84.83,4,-
울산광역시 중구 서동,35-15,202201,28,"13,000",1995,해성빌라트,59.84,8,20220324
울산광역시 중구 우정동,394-31,202201,28,"10,800",1982,성경,65.52,5,-
대전광역시 대덕구 목상동,185-2,202201,28,"12,000",1993,다사랑,49.86,3,-
대전광역시 서구 관저동,1130,202201,28,"45,000",2000,신선마을,99.97,4,-
대전광역시 서구 변동,Apr-51,202201,28,"15,150",2018,휴안,43.6075,5,-
대전광역시 서구 갈마동,1418,202201,28,"33,300",1995,경성큰마을,59.9,15,-
대전광역시 서구 도안동,1564,202201,28,"52,500",2014,도안18단지린풀하우스,70.143,9,-
대전광역시 서구 관저동,1148,202201,28,"25,000",1999,구봉마을주공8-1,59.47,17,-
대전광역시 서구 탄방동,675,202201,28,"19,500",2003,탑스빌,59.435,11,-
대전광역시 서구 가수원동,643,202201,28,"20,000",1988,계룡,59.4,12,-
대전광역시 서구 둔산동,1141,202201,28,"7,750",2004,갤러리빌,29.285,4,-
대전광역시 서구 용문동,285-3,202201,28,"7,250",2000,한마음,34.944,6,-
대전광역시 서구 도안동,1364,202201,28,"59,800",2010,엘드수목토,84.9884,17,-
대전광역시 서구 복수동,280,202201,28,"23,000",1998,삼익목화2,59.915,9,-
대전광역시 중구 목동,111-12,202201,28,"14,500",2001,금호한사랑,39.84,8,-
대전광역시 중구 중촌동,10월 03일,202201,28,"25,000",1986,시영,54.645,4,-
대전광역시 중구 대흥동,912,202201,28,"55,500",2013,대전센트럴자이1단지,84.9976,4,20220215
대전광역시 중구 대흥동,504-5,202201,28,"4,800",2013,대흥동나이스타운1차,13.4575,9,-
대전광역시 동구 인동,Jan-73,202201,28,"22,000",2003,부성한울,81.4295,1,-
대전광역시 동구 용운동,460,202201,28,"25,500",2003,용방마을,59.75,11,-
대전광역시 동구 자양동,201,202201,28,"31,500",1990,동아아파트(201),134.6,5,20221031
대전광역시 동구 가양동,292-6,202201,28,"4,400",1987,안전로얄,30.05,5,-
대전광역시 동구 대성동,30,202201,28,"17,000",1991,삼익세라믹,72.625,6,-
광주광역시 광산구 운남동,771-1,202201,28,"17,000",1996,운남주공4단지,59.76,10,-
광주광역시 광산구 월계동,879-2,202201,28,"7,500",2017,제이지파크,26.7803,7,-
광주광역시 광산구 운남동,800,202201,28,"49,500",2015,우방아이유쉘,84.9797,16,-
광주광역시 광산구 신가동,1058,202201,28,"77,000",2012,수완지구호반베르디움1차,84.884,2,-
광주광역시 광산구 신창동,1270,202201,28,"32,000",2005,신창2차부영,84.7886,3,-
광주광역시 광산구 우산동,1572-2,202201,28,"11,200",1992,하남우미,49.14,8,-
광주광역시 광산구 운남동,777-1,202201,28,"8,800",1996,운남주공3단지,37.67,13,-
광주광역시 북구 연제동,Jul-33,202201,28,"27,800",2001,한국아델리움,84.545,8,-
광주광역시 북구 일곡동,814-3,202201,28,"48,000",1999,롯데,114.623,12,-
광주광역시 북구 일곡동,849-8,202201,28,"18,200",1997,진로,59.36,2,-
광주광역시 북구 일곡동,818-4,202201,28,"28,800",1996,금호,84.72,3,20220225
광주광역시 북구 동림동,1330,202201,28,"50,000",2018,운암산코오롱하늘채,84.6815,10,-
광주광역시 북구 각화동,591,202201,28,"47,500",2017,휴먼파크서희스타힐스,84.745,4,-
광주광역시 북구 일곡동,819-3,202201,28,"12,170",2001,청솔4차,48.45,15,-
광주광역시 북구 일곡동,814-3,202201,28,"48,000",1999,롯데,114.623,12,20220518
광주광역시 북구 용봉동,1075,202201,28,"33,000",2005,용봉3차대주파크빌,84.5458,16,-
광주광역시 북구 일곡동,849-2,202201,28,"11,000",2000,청솔,48.45,3,-
광주광역시 북구 연제동,02월 07일,202201,28,"9,800",1998,광명2차,59.97,11,-
광주광역시 북구 일곡동,817-5,202201,28,"10,200",2000,청솔3차,48.45,4,-
광주광역시 북구 양산동,101,202201,28,"12,400",1998,청암프로스빌,59.97,14,-
광주광역시 북구 두암동,59-20,202201,28,"18,700",1994,미라보4,129.712,2,-
광주광역시 북구 일곡동,817-5,202201,28,"10,200",2000,청솔3차,48.45,4,-
광주광역시 북구 일곡동,849-1,202201,28,"18,300",1997,한일,59.915,19,-
광주광역시 북구 문흥동,1010-7,202201,28,"10,400",1994,문흥제일파크,49.95,11,-
광주광역시 북구 임동,340,202201,28,"14,500",2005,임동리버파크,51.94,6,-
광주광역시 북구 두암동,197-4,202201,28,"21,500",1992,호반빌라,158.32,5,20220322
광주광역시 북구 신용동,643-1,202201,28,"15,000",1998,용두주공,59.99,4,-
광주광역시 북구 매곡동,214-1,202201,28,"10,150",1991,대화,59.31,19,-
광주광역시 북구 일곡동,819-2,202201,28,"16,850",1997,현대1,59.36,3,-
광주광역시 남구 행암동,530,202201,28,"53,000",2015,효천2지구중흥S-클래스,84.9355,11,-
광주광역시 남구 주월동,535,202201,28,"46,000",2008,호반베르디움2차,84.858,8,-
광주광역시 남구 봉선동,469-5,202201,28,"50,000",1993,금호타운1,84.83,9,-
광주광역시 서구 치평동,1168-1,202201,28,"53,000",1997,중흥(1168-1),84.93,6,-
광주광역시 서구 치평동,1331,202201,28,"23,200",2016,상무에스케이뷰,39.342,3,-
광주광역시 서구 풍암동,1063,202201,28,"33,700",2003,대주파크빌(3차),84.815,13,-
광주광역시 동구 충장로4가,34,202201,28,"19,500",2017,충장고운라피네,49.831,11,-
광주광역시 동구 산수동,715,202201,28,"27,300",2017,라도스하임,84.9178,4,-
광주광역시 동구 학동,1012,202201,28,"39,000",2011,무등산리버파크,84.98,21,-
광주광역시 동구 학동,1022,202201,28,"70,000",2017,무등산아이파크,84.7496,5,-
광주광역시 동구 학동,1022,202201,28,"23,570",2017,무등산아이파크,39.9183,1,-
광주광역시 동구 학동,1022,202201,28,"27,000",2017,무등산아이파크,39.9183,20,-
광주광역시 동구 소태동,501,202201,28,"25,000",2003,모아미래도,71.42,20,-
광주광역시 동구 운림동,583,202201,28,"20,900",1991,라인1차,84.7,8,-
인천광역시 서구 가좌동,192-7,202201,28,"16,000",1984,세우,67.47,3,-
인천광역시 서구 신현동,306-1,202201,28,"60,000",2017,루원시티센트럴타운,59.96,16,-
인천광역시 서구 불로동,179,202201,28,"27,300",1999,동부,84.995,10,-
인천광역시 서구 가좌동,217,202201,28,"30,000",1995,신현대,59.82,10,-
인천광역시 서구 가좌동,30-86,202201,28,"22,400",1989,진주3,49.5,6,-
인천광역시 서구 당하동,1031,202201,28,"39,650",2004,원당풍림아이원,84.55,3,-
인천광역시 서구 마전동,1003-1,202201,28,"43,000",1999,동아,134.976,2,-
인천광역시 계양구 효성동,293-1,202201,28,"19,700",1989,중앙,41.37,3,-
인천광역시 계양구 작전동,912-3,202201,28,"11,500",1996,도두리마을동보,23.85,16,-
인천광역시 계양구 작전동,912-4,202201,28,"19,000",1997,도두리마을동남,40.32,2,-
인천광역시 계양구 작전동,131-1,202201,28,"14,500",1989,광명11,47.26,6,-
인천광역시 계양구 효성동,Jan-78,202201,28,"41,000",1996,신한,84.975,4,-
인천광역시 남동구 만수동,17,202201,28,"26,500",1987,만수주공5단지,41.3,11,-
인천광역시 남동구 만수동,17,202201,28,"26,500",1987,만수주공5단지,41.3,11,20220331
인천광역시 연수구 연수동,578-2,202201,28,"27,000",1993,주공3,44.66,4,-
인천광역시 연수구 연수동,532,202201,28,"53,000",1993,대림,84.795,14,-
인천광역시 미추홀구 숭의동,248-168,202201,28,"16,500",2007,한양리치타운,59.4,4,-
인천광역시 미추홀구 용현동,568-3,202201,28,"9,900",1981,진달래,32.88,3,-
인천광역시 미추홀구 주안동,09월 03일,202201,28,"19,800",1984,연흥(9-3),61.77,2,-
인천광역시 미추홀구 학익동,721,202201,28,"57,000",2007,풍림아이원,84.9357,16,-
인천광역시 미추홀구 주안동,Dec-70,202201,28,"21,900",2010,필하우스2,69.13,11,-
인천광역시 동구 화수동,02월 07일,202201,28,"9,750",1990,미륭,35.52,5,-
인천광역시 중구 북성동1가,4-246,202201,28,"12,000",1987,동일,39.96,2,-
대구광역시 달성군 다사읍 세천리,1566-1,202201,28,"35,000",2016,다사세천한라비발디,74.04,23,-
대구광역시 달성군 논공읍 남리,573-2,202201,28,"7,700",1991,평광현대4,59.92,2,-
대구광역시 달서구 상인동,1521,202201,28,"26,000",1993,서한,59.92,2,-
대구광역시 달서구 용산동,911,202201,28,"20,900",2000,용산파크타운,59.92,4,-
대구광역시 달서구 성당동,834,202201,28,"46,800",2008,성당동더샵,84.8886,16,-
대구광역시 달서구 성당동,834,202201,28,"37,000",2008,성당동더샵,59.895,16,-
대구광역시 달서구 진천동,72,202201,28,"50,000",2018,월배역라온프라이빗,83.2298,8,20220311
대구광역시 달서구 월성동,270,202201,28,"18,500",1992,월성주공4단지,52.09,15,-
대구광역시 수성구 범어동,2100,202201,28,"110,000",2008,범어월드메르디앙이스턴카운티,148.9857,7,-
대구광역시 수성구 범어동,2257,202201,28,"110,000",2019,범어센트럴푸르지오,84.993,19,-
대구광역시 수성구 신매동,594,202201,28,"54,000",1995,시지동서타운,134.79,8,-
대구광역시 수성구 사월동,464,202201,28,"18,900",1996,사월보성,59.97,18,-
대구광역시 수성구 황금동,860,202201,28,"30,000",2014,황금동해피하우스2IN1,39.8353,3,-
대구광역시 북구 국우동,1080,202201,28,"16,200",2002,그린빌6단지,51.95,11,-
대구광역시 북구 동천동,880-1,202201,28,"13,950",1996,칠곡2영남타운,49.97,2,-
대구광역시 서구 평리동,1676,202201,28,"45,000",2009,평리롯데캐슬,124.3429,12,-
대구광역시 동구 용계동,755-138,202201,28,"19,300",1997,용계보라,59.88,8,-
대구광역시 동구 효목동,55,202201,28,"34,000",1998,진로이스트타운,84.9,2,-
대구광역시 동구 신암동,1846,202201,28,"49,000",2021,동대구에일린의뜰,84.9328,1,-
대구광역시 중구 대신동,2106,202201,28,"60,000",2015,대신센트럴자이,84.8382,11,-
부산광역시 기장군 정관읍 방곡리,407,202201,28,"31,000",2017,정관가화만사성더테라스1차,60.1758,2,-
부산광역시 사상구 모라동,1326,202201,28,"13,000",1989,한일,81.72,4,20221004
부산광역시 사상구 엄궁동,680-1,202201,28,"28,500",1999,코오롱,84.85,21,-
부산광역시 사상구 모라동,75,202201,28,"11,000",1993,주공4,49.94,1,-
부산광역시 사상구 주례동,1010-3,202201,28,"14,000",1993,벽산신화,60.48,2,-
부산광역시 사상구 주례동,991,202201,28,"19,500",1993,주례제일타워맨션,84.92,7,-
부산광역시 사상구 주례동,991,202201,28,"19,800",1993,주례제일타워맨션,84.92,6,-
부산광역시 사상구 학장동,585-77,202201,28,"18,400",2005,삼광(585-77),84.96,6,-
부산광역시 사상구 학장동,574-82,202201,28,"16,500",1993,목화,49.965,19,-
부산광역시 사상구 학장동,574-82,202201,28,"15,200",1993,목화,49.965,18,-
부산광역시 사상구 학장동,573-1,202201,28,"18,300",1994,반도보라타운,59.88,13,-
부산광역시 수영구 광안동,May-99,202201,28,"22,600",2006,롯데골드로즈,66.12,20,-
부산광역시 연제구 연산동,346-1,202201,28,"16,000",1981,삼경,57.85,1,20220310
부산광역시 연제구 연산동,243-18,202201,28,"33,000",1999,연산엘지,60,14,20220310
부산광역시 연제구 연산동,585-7,202201,28,"21,000",1984,진흥목화,63,5,-
부산광역시 연제구 연산동,2335,202201,28,"17,900",2017,연산동일동미라주더스타,31.7359,19,-
부산광역시 강서구 명지동,3243,202201,28,"75,000",2012,엘크루블루오션,124.47,6,-
부산광역시 강서구 명지동,3246,202201,28,"39,900",2014,명지오션시티삼정그린코아,70.6904,7,-
부산광역시 강서구 명지동,3399,202201,28,"49,750",2018,명지더웨스턴,74.62,3,-
부산광역시 강서구 명지동,3361,202201,28,"46,800",2015,에일린의 뜰,66.9377,14,-
부산광역시 금정구 부곡동,225-56,202201,28,"42,400",2005,대우우남이채롬,84.8027,15,-
부산광역시 금정구 부곡동,958,202201,28,"14,700",1991,부곡늘푸른아파트,40.23,11,-
부산광역시 사하구 괴정동,207-10,202201,28,"24,500",2016,퍼스트클래스,58.9495,7,-
부산광역시 사하구 하단동,1217-1,202201,28,"33,750",2004,하단동에스케이뷰,74.2056,15,-
부산광역시 사하구 당리동,07월 16일,202201,28,"29,000",2005,당리동1차동원베네스트,125.4984,5,-
부산광역시 해운대구 재송동,1197,202201,28,"119,000",2005,더샵센텀파크2차,100.945,41,-
부산광역시 해운대구 반여동,1619,202201,28,"39,900",2004,센텀롯데캐슬아파트,59.9675,1,-
부산광역시 해운대구 재송동,1157-1,202201,28,"12,000",1995,센텀골든파크,77.32,15,-
부산광역시 해운대구 반여동,1594-1,202201,28,"7,500",1979,보훈,40.66,1,-
부산광역시 북구 화명동,752,202201,28,"29,300",2000,화명대우,99.527,1,-
부산광역시 북구 금곡동,Jan-56,202201,28,"31,200",1995,벽산삼협한솔,125.775,17,-
부산광역시 북구 만덕동,927-1,202201,28,"29,000",1991,대성타워,84.92,18,-
부산광역시 북구 만덕동,774-7,202201,28,"19,650",1998,벽산라인타운,59.67,24,-
부산광역시 북구 구포동,1103-2,202201,28,"24,500",1994,구포현대,78.18,3,-
부산광역시 북구 만덕동,955,202201,28,"34,000",2015,백양디이스트(1단지),70.1847,1,-
부산광역시 북구 화명동,512,202201,28,"12,000",1996,그린숲속아파트,59.82,1,-
부산광역시 남구 용호동,197,202201,28,"125,500",2008,GS하이츠자이,130.1762,14,-
부산광역시 남구 대연동,1750-11,202201,28,"19,400",2015,대동레미안7,49.37,2,-
부산광역시 남구 용당동,Oct-99,202201,28,"30,000",2002,현대아이파크,84.9623,24,-
부산광역시 남구 문현동,641-2,202201,28,"7,500",2016,성신탑빌,22.64,14,-
부산광역시 남구 대연동,1750-11,202201,28,"19,450",2015,대동레미안7,49.37,2,20220223
부산광역시 남구 대연동,1750-11,202201,28,"19,450",2015,대동레미안7,49.37,2,20220208
부산광역시 남구 대연동,1781-80,202201,28,"14,000",1971,중앙(1781-80),44.96,2,-
부산광역시 남구 대연동,1781-66,202201,28,"28,000",1988,마마(1781-66),84.075,2,-
부산광역시 동래구 온천동,1850,202201,28,"44,116",2021,동래3차SKVIEW,84.873,33,-
부산광역시 동래구 명장동,01월 24일,202201,28,"41,000",1983,조양,60.69,1,-
부산광역시 동래구 온천동,1850,202201,28,"44,116",2021,동래3차SKVIEW,84.873,33,20220224
부산광역시 부산진구 부암동,669-18,202201,28,"18,000",2017,야긴다하임,49.59,14,-
부산광역시 부산진구 부암동,560-14,202201,28,"39,700",1993,협성피닉스타운,164.29,15,-
부산광역시 부산진구 양정동,458-20,202201,28,"39,000",1998,현대2차,59.95,12,20220323
부산광역시 부산진구 부암동,669-18,202201,28,"18,000",2017,야긴다하임,49.59,14,20220224
부산광역시 부산진구 당감동,791,202201,28,"19,000",1995,국제백양,84.9825,6,-
부산광역시 부산진구 범전동,450,202201,28,"84,500",2019,삼한골든뷰센트럴파크,84.9764,18,-
부산광역시 영도구 동삼동,1124,202201,28,"26,000",1994,함지그린,57.09,7,-
부산광역시 영도구 동삼동,510-33,202201,28,"19,800",1995,국제마마뉴비치타운,85.76,15,-
부산광역시 영도구 봉래동3가,Feb-91,202201,28,"32,100",2015,성우펠리체리움,84.9621,20,-
부산광역시 영도구 봉래동5가,169-1,202201,28,"8,400",1976,시영(169-1),42.98,3,-
부산광역시 서구 동대신동1가,420,202201,28,"60,000",2021,동대신역비스타동원아파트,73.9095,12,-
서울특별시 강동구 성내동,405-9,202201,28,"64,510",2010,한솔애리즈,81.5,7,-
서울특별시 강동구 천호동,217-132,202201,28,"102,500",2000,동아하이빌아파트,84.97,7,-
서울특별시 강동구 암사동,509,202201,28,"138,000",2000,선사현대아파트,82.94,26,-
서울특별시 강동구 둔촌동,134-10,202201,28,"132,000",2000,신성둔촌미소지움2,84.78,12,-
서울특별시 강동구 천호동,568,202201,28,"148,500",2007,강변그대가리버뷰,84.99,15,-
서울특별시 송파구 신천동,11,202201,28,"215,000",1979,장미2,71.2,7,-
서울특별시 송파구 신천동,07월 18일,202201,28,"280,000",2005,롯데캐슬골드,187.65,20,-
서울특별시 송파구 잠실동,27,202201,28,"278,000",1978,주공아파트 5단지,76.5,7,-
서울특별시 송파구 신천동,11,202201,28,"215,000",1979,장미2,71.2,7,20220315
서울특별시 송파구 신천동,11,202201,28,"254,000",1979,장미2,99,5,-
서울특별시 송파구 신천동,7,202201,28,"232,500",1979,장미1,82.45,6,-
서울특별시 강남구 역삼동,728-6,202201,28,"72,000",2003,마이다스힐빌라트,243.52,2,-
서울특별시 강남구 삼성동,Sep-52,202201,28,"149,000",2003,삼성리치빌1,84.98,4,-
서울특별시 강남구 대치동,66,202201,28,"270,000",1983,"쌍용대치아파트1동,2동,3동,5동,6동",83.56,12,-
서울특별시 강남구 삼성동,87,202201,28,"475,000",2004,아이파크,156.857,6,-
서울특별시 서초구 잠원동,157,202201,28,"227,000",2002,동아,59.8,4,-
서울특별시 서초구 서초동,1757,202201,28,"450,000",2021,서초그랑자이,119.41,26,20230418
서울특별시 관악구 봉천동,41-265,202201,28,"63,000",2012,에메랄드103동,60.54,2,-
서울특별시 관악구 신림동,1700,202201,28,"45,000",1996,라이프,59.13,7,-
서울특별시 관악구 봉천동,41-265,202201,28,"63,000",2012,에메랄드103동,60.54,2,20220426
서울특별시 동작구 대방동,501,202201,28,"114,000",1993,대림아파트,59.84,12,-
서울특별시 동작구 대방동,506,202201,28,"98,000",1999,현대홈타운2,59.89,5,-
서울특별시 영등포구 도림동,821,202201,28,"135,000",2014,영등포아트자이,84.974,14,-
서울특별시 영등포구 영등포동2가,28-117,202201,28,"15,400",2013,이지리움S,13.35,7,-
서울특별시 구로구 구로동,1265,202201,28,"74,500",1998,구로두산,63.33,10,-
서울특별시 구로구 신도림동,645,202201,28,"133,000",2000,동아3,84.99,24,-
서울특별시 구로구 오류동,9-231,202201,28,"12,300",2020,오류동삼전솔하임,15.943,3,-
서울특별시 양천구 목동,966,202201,28,"45,000",2019,목동에버하임,41.06,10,20220318
서울특별시 마포구 망원동,509,202201,28,"97,000",2004,휴먼빌,84.963,2,20220602
서울특별시 마포구 도화동,555,202201,28,"98,000",2004,한화오벨리스크,75.72,18,-
서울특별시 서대문구 남가좌동,387,202201,28,"32,500",2017,디엠씨엘가,30.36,2,-
서울특별시 노원구 상계동,670,202201,28,"94,000",1988,상계주공9(고층),79.07,9,-
서울특별시 노원구 상계동,730-2,202201,28,"66,500",1987,상계주공3(고층),68.86,2,-
서울특별시 노원구 상계동,765,202201,28,"52,000",1988,상계주공1(고층),32.39,3,-
서울특별시 노원구 상계동,670,202201,28,"58,500",1988,상계주공9(고층),45.9,12,-
서울특별시 노원구 공릉동,670-6,202201,28,"20,000",2018,미라쉘,16.69,14,-
서울특별시 도봉구 쌍문동,산69-1,202201,28,"67,000",1991,금호2,84.46,13,-
서울특별시 중랑구 상봉동,500,202201,28,"208,000",2013,프레미어스엠코,175.05,43,-
서울특별시 중랑구 중화동,208-4,202201,28,"11,400",2012,범양프레체,17.94,15,-
서울특별시 중랑구 신내동,787,202201,28,"64,400",1997,석탑,84.6,9,-
서울특별시 동대문구 답십리동,497-23,202201,28,"15,700",2015,청계푸르지오시티,18.92,17,-
서울특별시 광진구 광장동,124,202201,28,"202,000",1997,워커힐리버빌,235.56,4,-
서울특별시 광진구 자양동,579,202201,28,"133,000",1988,우성1,79.75,11,-
서울특별시 성동구 금호동4가,1553,202201,28,"202,000",2018,힐스테이트서울숲리버,84.92,7,-
서울특별시 성동구 응봉동,15,202201,28,"103,000",2001,대림강변타운,59.76,6,-
서울특별시 중구 신당동,844,202201,28,"118,000",2002,남산타운,59.94,6,-
경상북도 포항시 남구 동해면,가-131,202201,28,"15,000",2018,포항코아루블루인시티,59.8926,8,-
전북특별자치도 전주시 완산구 삼천동1가,138-6,202201,28,"12,223",1986,광진공작,59.22,2,-
충청북도 영동군 영동읍 계산리,664-2,202201,28,"23,500",2015,진영허브시티,84.99,5,-
강원특별자치도 동해시 천곡동,1077,202201,28,"12,700",1991,삼성,84.99,8,-
경상남도 진주시 호탄동,620-1,202201,28,"11,800",2002,대경아르떼빌,38.09,9,-
제주특별자치도 서귀포시 서홍동,299-1,202201,28,"9,900",2002,"태봉그린피아(101,102,103동)",36.6461,5,-
경상남도 양산시 하북면 순지리,166-13,202201,28,"11,000",2000,협진태양,48.179,16,-
경상북도 예천군 호명읍 산합리,1398,202201,28,"31,400",2017,경북도청신도시우방아이유쉘센트럴,84.9983,15,-
충청남도 아산시 좌부동,84,202201,28,"7,700",1995,초원설화타운2,59.88,5,-
전라남도 광양시 광양읍 덕례리,1755-1,202201,28,"8,800",1998,대림,60,10,-
충청남도 서산시 동문동,600,202201,28,"23,500",2013,서산동문동아더프라임,84.7066,8,-
충청북도 충주시 용산동,335,202201,28,"12,600",1996,영진보람,59.86,13,-
충청북도 충주시 교현동,1358,202201,28,"33,000",2008,중흥S-클래스,84.805,5,-
충청북도 충주시 연수동,701-9,202201,28,"7,500",1995,연수부강,59.49,15,-
충청북도 청주시 상당구 용담동,467,202201,28,"46,000",2018,우미린에듀파크2단지,84.9813,13,-
충청남도 보령시 성주면 성주리,194-2,202201,28,"6,900",1995,세아,59.4,5,-
경기도 용인시 기흥구 신갈동,165,202201,28,"77,000",2001,도현마을현대,99.793,10,-
경기도 화성시 봉담읍 와우리,10,202201,28,"7,000",1999,동보와우리아파트,24.3616,7,-
경기도 화성시 청계동,550,202201,28,"75,500",2015,KCC스위첸아파트,84.01,17,-
경기도 용인시 처인구 고림동,1002,202201,28,"20,000",2004,예원마을코아루,59.88,6,-
경기도 고양시 일산서구 가좌동,1089,202201,28,"43,500",2005,가좌마을2단지대우,84.8566,8,-
경기도 고양시 일산서구 일산동,1057,202201,28,"75,000",1994,후곡마을(동신),116.85,2,-
경기도 고양시 덕양구 행신동,953,202201,28,"40,000",1996,햇빛주공23,49.96,7,-
경기도 평택시 지산동,1095,202201,28,"19,300",1992,우성,59.85,2,-
경기도 평택시 동삭동,852,202201,28,"62,000",2019,평택센트럴자이3단지,84.5568,7,20220330
경기도 부천시 원미구 심곡동,465-5,202201,28,"8,200",2013,에코스마트2,14.43,14,-
경기도 부천시 원미구 상동,551-2,202201,28,"75,000",2002,푸른마을(한라),59.998,13,-
경기도 성남시 분당구 금곡동,133,202201,28,"67,500",1995,청솔마을(주공9단지),36.54,14,-
광주광역시 광산구 우산동,1572-5,202201,28,"12,650",1991,동산아파트,59.61,7,-
광주광역시 북구 양산동,804,202201,28,"13,400",2016,마루힐센트럴파크,47.3,11,-
광주광역시 북구 문흥동,996-3,202201,28,"12,500",1994,라인,59.97,1,-
광주광역시 남구 진월동,277,202201,28,"25,300",1997,한신2,84.87,3,20220502
인천광역시 계양구 방축동,Feb-37,202201,28,"24,000",1991,아주,63.36,6,-
대구광역시 달성군 다사읍 죽곡리,870,202201,28,"45,000",2016,죽곡 한신 휴 플러스,84.97,2,-
대구광역시 달서구 상인동,1521,202201,28,"26,000",1993,서한,59.92,2,20220310
부산광역시 기장군 기장읍 청강리,02월 18일,202201,28,"43,500",1993,현대,84.6,13,-
부산광역시 해운대구 반여동,1063-4,202201,28,"22,000",1998,센텀자유,59.99,11,-
서울특별시 마포구 연남동,573,202201,28,"102,000",2003,코오롱,59.76,7,-
서울특별시 중랑구 묵동,387,202201,28,"71,000",2004,브라운스톤태릉,59.4364,11,-
서울특별시 성동구 마장동,819,202201,28,"110,000",1999,마장동중앙하이츠,84.8,2,-
세종특별자치시  나성동,827,202201,28,"80,500",2021,나릿재마을5단지,99.9109,34,-
경상북도 영주시 가흥동,1796,202201,28,"32,500",2011,세영리첼,100.8347,5,-
부산광역시 서구 동대신동3가,553,202201,28,"51,000",2020,브라운스톤하이포레,59.92,11,-
경기도 부천시 원미구 상동,570-5,202201,28,"58,400",2002,하얀마을(경남),59.8218,15,-
경기도 남양주시 금곡동,702,202201,28,"11,000",1990,광아,52.56,1,-
경기도 부천시 오정구 고강동,327-3,202201,28,"19,800",1989,유호,47.78,4,-
충청북도 충주시 안림동,1171,202201,28,"31,800",2016,충주2차푸르지오,59.9622,29,-
경기도 부천시 오정구 원종동,132-1,202201,28,"20,000",1987,수정,49.95,4,-
전라남도 순천시 해룡면 신대리,2103,202201,28,"52,000",2012,중흥에스-클래스1단지,84.9951,27,-
광주광역시 북구 매곡동,01월 28일,202201,28,"16,000",1990,동남맨션,84.99,5,-
경기도 고양시 일산서구 탄현동,1640,202201,28,"105,000",2013,일산두산위브더제니스,170.7209,42,20220405
경기도 부천시 소사구 소사본동,411-1,202201,28,"73,000",2006,주공뜨란채,84.85,4,-
경기도 부천시 소사구 옥길동,742-1,202201,28,"98,500",2017,옥길한신더휴,97.97,17,-
제주특별자치도 서귀포시 중문동,1726,202201,28,"60,000",2021,e편한세상중문,84.9875,6,-
서울특별시 구로구 구로동,Aug-44,202201,28,"11,800",2013,비즈트위트오렌지,15.6,2,-
경기도 부천시 원미구 상동,527-3,202201,28,"65,000",2002,진달래마을(효성),84.98,19,20220204
경기도 김포시 양촌읍 양곡리,1551,202201,28,"34,000",2020,김포한강삼정그린코아더베스트,59.8257,2,-
충청북도 제천시 장락동,637-7,202201,28,"4,800",1995,제천미림청솔,49.77,4,-
경상남도 김해시 대청동,334-1,202201,28,"15,000",2002,갑오마을7단지부영10차,59.1074,5,-
전라남도 담양군 담양읍 백동리,100,202201,28,"12,500",1992,담양청전,84.75,11,-
경기도 남양주시 별내동,871,202201,28,"75,000",2015,별내푸르지오,84.8194,13,-
대구광역시 달성군 현풍읍 상리,188,202201,28,"5,000",1991,군영,59.92,6,-
광주광역시 북구 매곡동,178-7,202201,28,"17,000",1993,아남,84.9,10,-
경기도 용인시 처인구 이동읍 천리,1124,202201,28,"22,000",2005,샘골마을풍성신미주2단지,59.8375,13,-
경기도 용인시 처인구 이동읍 천리,1124,202201,28,"22,000",2005,샘골마을풍성신미주2단지,59.8375,13,20220425
경기도 용인시 처인구 모현읍 일산리,671,202201,28,"34,700",2004,신안인스빌2단지,71.8,19,-
전북특별자치도 전주시 완산구 삼천동1가,287-4,202201,28,"13,300",1998,우성삼천2차,58.4,14,-
전북특별자치도 전주시 덕진구 여의동2가,459-3,202201,28,"7,000",1996,대승(1),59.4,7,-
대구광역시 군위군 군위읍 동부리,381,202201,28,"27,000",2018,골든렉시움,84.9109,7,-
전북특별자치도 전주시 완산구 삼천동1가,138-6,202201,28,"12,305",1986,광진공작,59.22,4,-
전북특별자치도 전주시 완산구 삼천동1가,138-6,202201,28,"12,223",1986,광진공작,59.22,5,-
전북특별자치도 전주시 완산구 삼천동1가,138-6,202201,28,"12,305",1986,광진공작,59.22,4,-
전북특별자치도 전주시 완산구 삼천동1가,138-6,202201,28,"12,223",1986,광진공작,59.22,3,-
전북특별자치도 전주시 완산구 삼천동1가,138-6,202201,28,"12,833",1986,광진공작,59.22,2,-
전북특별자치도 전주시 완산구 삼천동1가,138-6,202201,28,"12,305",1986,광진공작,59.22,2,-
경상남도 진주시 칠암동,518-6,202201,28,"20,000",1992,경남빌라,156.63,6,-
제주특별자치도 제주시 노형동,1290-1,202201,28,"36,200",1992,대림,115.55,6,-
경상남도 양산시 평산동,41,202201,28,"16,800",2002,삼성명가타운,84.93,4,20220317
경상남도 사천시 동금동,Aug-83,202201,28,"22,000",2018,피닉스센트럴마크,84.776,5,-
경상북도 영천시 완산동,1470,202201,28,"25,879",2019,영천완산미소지움2차,84.7579,6,-
경상북도 구미시 형곡동,126-7,202201,28,"6,700",1992,무궁화,93.8,1,-
전라남도 영광군 홍농읍 상하리,55,202201,28,"7,300",1998,해주,59.88,11,-
전라남도 순천시 조례동,560,202201,28,"22,100",1997,금호,84.87,7,-
경기도 포천시 소흘읍 송우리,735,202201,28,"26,000",2021,포천송우서희스타힐스,59.702,14,-
세종특별자치시  종촌동,640,202201,28,"55,000",2015,가재마을4단지(센트레빌),74.98,17,-
대구광역시 동구 불로동,140-4,202201,28,"12,000",1991,청호,65.01,6,-
부산광역시 수영구 망미동,190-1,202201,28,"30,000",1992,원정프린스,143.01,6,-
전라남도 목포시 상동,740,202201,28,"4,950",1993,주공4단지,38.64,3,-
울산광역시 북구 천곡동,418,202201,28,"29,500",2005,삼성코아루,84.921,13,-
울산광역시 북구 효문동,1039,202201,28,"40,300",2018,효문코오롱하늘채,77.03,14,-
서울특별시 노원구 상계동,624,202201,28,"63,000",1988,상계주공16(고층),59.39,12,-
경상남도 창원시 진해구 남양동,20,202201,28,"19,380",2009,STX칸,84.9859,10,-
서울특별시 서대문구 연희동,739,202201,28,"99,500",2002,대우푸르지오,84.706,6,-
서울특별시 서초구 서초동,1757,202201,28,"450,000",2021,서초그랑자이,119.41,26,-
경상남도 진주시 가좌동,1936,202201,27,"31,500",2012,가호에일린의뜰,77.8216,6,-
전북특별자치도 김제시 검산동,1080-1,202201,27,"27,300",2016,김제검산화산샬레2차아파트,84.9583,2,-
전북특별자치도 정읍시 상동,110,202201,27,"15,500",1991,현대,84.945,2,-
전북특별자치도 익산시 모현동1가,812,202201,27,"27,000",2012,익산배산사랑으로부영1차,73.9049,21,-
전북특별자치도 익산시 영등동,800,202201,27,"7,950",1997,우남샘물타운,39.15,8,-
전북특별자치도 익산시 동산동,1053,202201,27,"8,000",1989,동양화학사원,51.51,2,-
전북특별자치도 익산시 어양동,653-1,202201,27,"6,200",1998,익산부영2차아파트,39.952,2,-
전북특별자치도 익산시 영등동,800,202201,27,"8,000",1997,우남샘물타운,49.68,1,-
전북특별자치도 익산시 어양동,653-1,202201,27,"6,200",1998,익산부영2차아파트,39.952,2,20220203
전북특별자치도 익산시 영등동,800,202201,27,"7,950",1997,우남샘물타운,39.15,8,20220207
전북특별자치도 익산시 어양동,652-1,202201,27,"6,600",1998,부영1차,39.952,11,-
전북특별자치도 익산시 모현동1가,812,202201,27,"27,000",2012,익산배산사랑으로부영1차,73.9049,12,-
전북특별자치도 익산시 부송동,231-26,202201,27,"15,300",1997,동아(2),84.95,12,-
전북특별자치도 익산시 황등면 황등리,1043-2,202201,27,"5,200",1999,해담,49.68,2,-
전북특별자치도 군산시 나운동,156-2,202201,27,"12,500",1995,신일해피트리,59.85,8,-
전북특별자치도 군산시 수송동,812,202201,27,"27,500",2008,제일오투그란데1단지,84.9144,5,-
전북특별자치도 군산시 나운동,109-6,202201,27,"19,900",1998,현대아파트,99.935,18,-
전북특별자치도 군산시 경장동,511-6,202201,27,"8,500",2004,오르빌,59.98,9,-
전북특별자치도 군산시 수송동,416-6,202201,27,"7,300",2015,스타팰리스,29.458,7,-
전북특별자치도 군산시 수송동,416-6,202201,27,"7,300",2015,스타팰리스,29.458,7,20220217
전북특별자치도 군산시 나운동,489,202201,27,"12,300",1992,금호타운1차,84.79,12,-
전북특별자치도 군산시 수송동,416-6,202201,27,"7,300",2015,스타팰리스,29.458,7,20220216
전북특별자치도 군산시 나운동,100-11,202201,27,"12,600",1994,롯데아파트,74.025,8,-
전북특별자치도 군산시 수송동,904,202201,27,"7,750",1991,동신,59.49,6,-
전북특별자치도 군산시 신풍동,892-8,202201,27,"3,350",1979,월명,61.982,3,-
전북특별자치도 군산시 오식도동,806-3,202201,27,"12,400",2012,한성필하우스,59.9519,7,-
전북특별자치도 군산시 소룡동,663,202201,27,"10,000",2006,제이파크,59.5598,10,-
전북특별자치도 군산시 미룡동,900-1,202201,27,"9,300",2002,주공3차,49.86,8,-
전북특별자치도 군산시 삼학동,287,202201,27,"6,700",2014,춘광아티움101동,49.91,3,-
전북특별자치도 군산시 수송동,Jan-33,202201,27,"20,000",2002,제일아파트,84.8211,7,-
전북특별자치도 전주시 덕진구 송천동2가,1268,202201,27,"18,000",1998,송천주공,59.99,6,-
전북특별자치도 전주시 덕진구 고랑동,1224,202201,27,"18,500",2016,고랑동노블레스더센텀,59.9552,14,-
전북특별자치도 전주시 덕진구 여의동,669,202201,27,"18,800",2003,제일,84.9604,4,-
전북특별자치도 전주시 덕진구 송천동2가,1280,202201,27,"16,800",2004,전주송천(2)주공11,51.88,5,-
전북특별자치도 전주시 덕진구 진북동,1034-1,202201,27,"9,800",1995,동국해성,59.49,7,-
전북특별자치도 전주시 덕진구 우아동2가,853-1,202201,27,"22,800",1999,진버들마을대우2차,84.44,13,-
전북특별자치도 전주시 덕진구 호성동1가,718,202201,27,"25,500",1995,엘지동아,126.27,16,-
전북특별자치도 전주시 덕진구 인후동1가,1029,202201,27,"33,500",2006,인후동한신휴플러스,84.973,7,-
전북특별자치도 전주시 덕진구 송천동1가,605-4,202201,27,"14,700",1993,한양,84.63,3,-
전북특별자치도 전주시 덕진구 호성동2가,634,202201,27,"41,500",2008,진흥W-PARK,103.161,12,-
전북특별자치도 전주시 덕진구 송천동2가,175-44,202201,27,"15,900",1998,현대3차,59.97,3,-
전북특별자치도 전주시 덕진구 송천동1가,117,202201,27,"13,500",1996,송천동우림,59.835,19,-
전북특별자치도 전주시 덕진구 송천동2가,1308,202201,27,"36,500",2017,에코시티자이,59.9925,2,-
전북특별자치도 전주시 덕진구 송천동1가,329,202201,27,"17,000",1995,서호2차,84.95,6,-
전북특별자치도 전주시 덕진구 인후동1가,1029,202201,27,"32,500",2006,인후동한신휴플러스,84.761,13,-
전북특별자치도 전주시 완산구 서노송동,648-2,202201,27,"14,500",1985,풍남맨션,84,10,-
전북특별자치도 전주시 완산구 서신동,962-2,202201,27,"18,600",1998,중흥S-클래스,59.955,7,-
전북특별자치도 전주시 완산구 서신동,961,202201,27,"17,000",1999,동아한일,59.93,3,-
전북특별자치도 전주시 완산구 효자동1가,414,202201,27,"29,400",1990,효자롯데,128.62,3,-
전북특별자치도 전주시 완산구 삼천동1가,286-10,202201,27,"32,000",2002,호반리젠시빌,84.7555,8,-
전북특별자치도 전주시 완산구 삼천동1가,287-4,202201,27,"9,500",1998,우성삼천2차,58.4,1,-
전북특별자치도 전주시 완산구 삼천동1가,705-2,202201,27,"15,000",1991,개나리2차,39.15,3,-
전북특별자치도 전주시 완산구 평화동2가,952,202201,27,"23,600",2012,영무예다음,83.661,2,-
전북특별자치도 전주시 완산구 중화산동2가,485-56,202201,27,"4,200",1999,효성신촌마을,29.448,5,-
전북특별자치도 전주시 완산구 평화동1가,445-6,202201,27,"4,800",1992,"평화주공1,2",38.64,7,-
전북특별자치도 전주시 완산구 서신동,962-1,202201,27,"18,000",2001,서신2차광진산업장미,59.55,15,-
전북특별자치도 전주시 완산구 서신동,294-6,202201,27,"25,500",2012,J-휴,83.224,5,-
전북특별자치도 전주시 완산구 평화동2가,312-6,202201,27,"11,000",1996,우미,60,19,-
전북특별자치도 전주시 완산구 삼천동1가,585-3,202201,27,"19,600",1986,세경,55.26,3,-
전북특별자치도 전주시 완산구 효자동2가,100-1,202201,27,"57,000",2005,더샵효자아파트,125.9471,14,-
강원특별자치도 양양군 현북면 중광정리,176-1,202201,27,"19,500",2001,심미,58.837,5,-
강원특별자치도 양양군 현북면 기사문리,145,202201,27,"9,000",2003,TM힐,30.2226,3,-
강원특별자치도 인제군 북면 원통리,665,202201,27,"23,352",2022,현대에코캐슬,79.65,10,-
강원특별자치도 인제군 북면 원통리,665,202201,27,"23,786",2022,현대에코캐슬,82.58,10,-
강원특별자치도 인제군 북면 원통리,665,202201,27,"23,352",2022,현대에코캐슬,75.13,9,-
강원특별자치도 인제군 북면 원통리,665,202201,27,"22,582",2022,현대에코캐슬,82.58,3,-
강원특별자치도 양구군 양구읍 정림리,436,202201,27,"16,400",2010,양구석미모닝파크,77.12,9,-
강원특별자치도 정선군 사북읍 사북리,302,202201,27,"10,000",2002,사북선명,59.97,15,-
강원특별자치도 정선군 남면 무릉리,530,202201,27,"3,450",1992,무릉아파트,39.99,1,-
전북특별자치도 완주군 이서면 용서리,Jan-60,202201,27,"9,200",2001,남양사이버,59.8988,10,-
강원특별자치도 삼척시 정상동,475,202201,27,"17,000",2003,경림한아름,84.686,10,-
강원특별자치도 속초시 조양동,1501,202201,27,"13,750",1995,부영5,50,8,-
강원특별자치도 속초시 조양동,1540-1,202201,27,"13,600",1998,부영2,49.92,8,-
강원특별자치도 속초시 교동,1030,202201,27,"35,300",2018,속초교동시티프라디움,84.3218,4,20220216
강원특별자치도 속초시 조양동,1294-23,202201,27,"13,500",2001,성호,49.65,20,-
강원특별자치도 속초시 조양동,1540-1,202201,27,"15,200",1998,부영2,49.92,3,-
강원특별자치도 속초시 교동,618-10,202201,27,"17,000",1991,현대1,75.24,13,-
강원특별자치도 태백시 황지동,Aug-87,202201,27,"3,000",1985,주공2,39.72,2,-
강원특별자치도 태백시 황지동,677,202201,27,"17,100",2007,영조아름다운나날,84.9763,12,-
강원특별자치도 동해시 천곡동,794,202201,27,"13,900",1991,한양2차,84.855,11,-
강원특별자치도 동해시 북평동,327,202201,27,"30,000",2020,e편한세상동해,78.88,19,-
강원특별자치도 동해시 부곡동,5-82,202201,27,"16,000",1996,일정골든타워,84.95,7,-
강원특별자치도 강릉시 노암동,390,202201,27,"25,000",1994,노암한라,84.99,11,-
강원특별자치도 강릉시 노암동,390,202201,27,"25,000",1994,노암한라,84.99,11,20220314
강원특별자치도 강릉시 주문진읍 교항리,1166-1,202201,27,"8,300",1999,우신그린피아임대,59.98,4,-
강원특별자치도 강릉시 연곡면 영진리,381,202201,27,"19,300",2019,영진코아루비치테라스,43.5566,5,-
강원특별자치도 강릉시 교동,1766,202201,27,"31,000",2002,교동3주공,59.86,6,-
강원특별자치도 강릉시 내곡동,623,202201,27,"6,750",1989,내곡주공,39.3,1,-
강원특별자치도 강릉시 입암동,641,202201,27,"14,800",1986,입암1주공,46.74,5,-
강원특별자치도 강릉시 연곡면 영진리,305-2,202201,27,"7,300",1999,삼우그린,43.2,14,-
강원특별자치도 원주시 단계동,807-1,202201,27,"13,600",1996,세경3차,59.76,7,-
강원특별자치도 원주시 단구동,1520,202201,27,"18,900",1997,두산,101.97,4,-
강원특별자치도 원주시 단계동,807-1,202201,27,"9,000",1996,세경3차,59.76,5,-
강원특별자치도 원주시 명륜동,547,202201,27,"15,500",1990,원주삼성,84.88,13,-
강원특별자치도 원주시 태장동,1836,202201,27,"4,600",2000,백운3차,40.83,6,-
강원특별자치도 원주시 명륜동,802,202201,27,"19,700",2000,성원,84.93,8,-
강원특별자치도 원주시 단계동,809,202201,27,"19,700",1993,벽산,95.27,1,-
강원특별자치도 원주시 흥업면 매지리,1934,202201,27,"4,300",2000,청솔,25.92,9,-
강원특별자치도 원주시 문막읍 동화리,1264-3,202201,27,"9,400",1993,동보렉스6차,84.9,6,-
강원특별자치도 원주시 일산동,247-162,202201,27,"14,000",2001,일산국제,84.9,11,-
강원특별자치도 원주시 단계동,806-1,202201,27,"15,800",1993,현진,84.74,14,-
강원특별자치도 원주시 단계동,1218,202201,27,"31,000",2018,원주봉화산벨라시티2차아파트,59.9168,20,-
강원특별자치도 원주시 반곡동,Apr-42,202201,27,"36,000",2013,푸른숨 휴브레스,84.92,10,-
강원특별자치도 춘천시 퇴계동,1240,202201,27,"55,000",2019,이편한세상춘천한숲시티,84.8265,11,-
강원특별자치도 춘천시 사농동,820,202201,27,"24,500",2013,춘천뉴시티코아루,84.9808,15,-
강원특별자치도 춘천시 후평동,901,202201,27,"13,000",1995,현대4,84.955,1,-
강원특별자치도 춘천시 칠전동,529-1,202201,27,"14,000",1999,대우,60,11,-
강원특별자치도 춘천시 후평동,899,202201,27,"8,650",1995,석사2,37.67,5,-
강원특별자치도 춘천시 후평동,731-18,202201,27,"5,900",1994,신아,32.17,5,-
강원특별자치도 춘천시 퇴계동,916,202201,27,"16,000",1994,퇴계현대2차,59.76,4,-
강원특별자치도 춘천시 석사동,727-4,202201,27,"16,400",1997,두산,59.97,12,-
제주특별자치도 서귀포시 동홍동,147,202201,27,"18,000",1988,주공1,39.69,1,-
제주특별자치도 제주시 일도이동,365-1,202201,27,"15,000",1998,용인아파트,47.52,3,-
제주특별자치도 제주시 이도일동,1539-7,202201,27,"34,000",2021,제이시티팰리스,66.108,10,-
제주특별자치도 제주시 도두일동,Feb-19,202201,27,"36,000",2017,도두네오하임B,83.34,8,-
제주특별자치도 제주시 일도이동,113-6,202201,27,"49,700",1995,일도우성2,86.15,4,-
제주특별자치도 제주시 도련일동,1789-2,202201,27,"14,000",2002,미듬하나로(도련),54.4124,1,-
제주특별자치도 제주시 일도이동,361-3,202201,27,"32,000",2013,금원앙상블,84.78,8,-
제주특별자치도 제주시 도련일동,1789-2,202201,27,"14,000",2002,미듬하나로(도련),54.4124,1,20220207
제주특별자치도 제주시 삼양이동,2333,202201,27,"59,000",2013,제주삼화사랑으로부영5차,84.3616,8,-
제주특별자치도 제주시 애월읍 하귀1리,167,202201,27,"49,000",2010,제주하귀휴먼시아1단지,84.72,4,-
경상남도 창녕군 창녕읍 교리,981-2,202201,27,"7,100",1992,현대맨션,59.935,6,-
경상남도 창녕군 남지읍 남지리,817-1,202201,27,"19,500",2010,남지동아더프라임,84.9305,13,-
경상남도 양산시 중부동,697-1,202201,27,"35,400",1999,현대1,134.8,1,-
경상남도 양산시 신기동,511-3,202201,27,"28,300",1993,대동서안한마음,111.555,4,-
경상남도 양산시 평산동,41,202201,27,"13,500",2002,삼성명가타운,59.9853,15,-
경상남도 양산시 평산동,41,202201,27,"13,500",2002,삼성명가타운,59.9853,5,-
경상남도 양산시 물금읍 범어리,2676-15,202201,27,"33,000",2007,일신건영휴먼빌,84.9603,16,-
경상남도 양산시 물금읍 범어리,Jan-76,202201,27,"31,700",2007,반도보라빌,84.9965,23,20220225
경상남도 양산시 주진동,697,202201,27,"35,500",2016,양산롯데캐슬,84.977,12,-
경상남도 양산시 평산동,600,202201,27,"18,800",2008,양산천성산한일유앤아이아파트,84.9568,13,-
경상남도 양산시 물금읍 가촌리,1284,202201,27,"46,000",2017,우성스마트시티뷰,84.3092,25,-
경상남도 양산시 물금읍 가촌리,1273-1,202201,27,"30,900",2017,양산대방노블랜드7차메가시티,59.7512,3,-
경상남도 양산시 신기동,653,202201,27,"24,800",2019,양산유탑유블레스하늘리에,70.611,14,-
경상남도 양산시 평산동,600,202201,27,"21,000",2008,양산천성산한일유앤아이아파트,84.9568,12,-
경상남도 양산시 물금읍 범어리,Feb-68,202201,27,"49,500",2014,반도유보라4차,84.9416,7,-
경상남도 양산시 물금읍 가촌리,1303-1,202201,27,"55,000",2015,양산대방노블랜드연리지(2차),84.9818,9,-
경상남도 거제시 아주동,320-22,202201,27,"4,800",1993,혜성골든타운,52.81,5,-
경상남도 거제시 장평동,32,202201,27,"10,800",1994,대한2차,59.985,2,-
경상남도 거제시 장평동,32,202201,27,"11,400",1994,대한2차,59.985,12,-
경상남도 거제시 고현동,1062,202201,27,"13,200",2002,거제2차덕산베스트타운,59.31,12,-
경상남도 밀양시 삼문동,391-5,202201,27,"14,800",2004,성원플러스1차,80.975,9,-
경상남도 밀양시 삼문동,01월 15일,202201,27,"19,300",1999,밀양대우,84.88,4,-
경상남도 밀양시 삼문동,01월 15일,202201,27,"11,000",1994,유성청구타운,59.91,3,-
경상남도 밀양시 교동,885-2,202201,27,"25,346",2020,오성센트럴,84.85,7,-
경상남도 김해시 삼계동,1545,202201,27,"31,800",2019,삼계서희스타힐스,74.9527,1,-
경상남도 김해시 삼계동,1549,202201,27,"36,200",2021,삼계한라비발디센텀시티,84.9743,26,-
경상남도 김해시 주촌면 선지리,1476,202201,27,"28,000",2018,김해 센텀Q시티,59.9771,3,-
경상남도 김해시 구산동,256,202201,27,"12,000",1994,시영,59.76,11,-
경상남도 김해시 삼계동,1428-1,202201,27,"17,000",2005,동원로얄듀크,67.9598,12,-
경상남도 김해시 내동,1125-4,202201,27,"29,000",1998,현대3차,99.91,8,-
경상남도 김해시 외동,1260-1,202201,27,"15,700",1997,덕산베스트타운,59.82,15,-
경상남도 김해시 관동동,448-1,202201,27,"15,500",2004,팔판마을부영그린타운3차,59.9888,15,-
경상남도 김해시 무계동,156-5,202201,27,"14,500",2000,석봉마을대동아파트,59.9,3,-
경상남도 김해시 진영읍 진영리,1691,202201,27,"32,850",2017,진영이진캐스빌,84.9723,11,-
경상남도 김해시 삼계동,610,202201,27,"38,500",2007,삼계이안,123.6231,6,-
경상남도 김해시 율하동,1369,202201,27,"38,500",2013,율현마을동원로얄듀크1차,84.9916,20,-
경상남도 김해시 삼계동,1439-4,202201,27,"21,000",2002,화정마을부영1차,84.9814,10,-
경상남도 김해시 삼계동,610,202201,27,"35,000",2007,삼계이안,123.6231,2,-
경상남도 김해시 주촌면 천곡리,1531,202201,27,"41,000",2019,김해센텀두산위브더제니스,75.9258,15,-
경상남도 사천시 곤양면 남문외리,51,202201,27,"16,200",2016,월드파크,83.7734,6,-
경상남도 사천시 사천읍 구암리,1864,202201,27,"19,500",2017,사천대화파크리네르아파트,79.6649,4,-
경상남도 사천시 사남면 유천리,928,202201,27,"16,950",2018,사천흥한에르가,59.99,5,-
경상남도 사천시 정동면 고읍리,438-15,202201,27,"7,500",1995,한빛타운,59.96,5,-
경상남도 사천시 정동면 풍정리,388-1,202201,27,"7,700",1994,삼성,59.886,10,-
경상남도 통영시 정량동,1427,202201,27,"24,200",2015,정량동동원로얄듀크,73.67,1,-
경상남도 통영시 용남면 동달리,945-7,202201,27,"13,500",2000,청구,73.34,10,-
경상남도 통영시 미수동,454,202201,27,"8,800",1995,주공,59.97,15,-
경상남도 통영시 북신동,694,202201,27,"10,500",1994,일성한마음빌리지,59.94,2,-
경상남도 통영시 도천동,52-18,202201,27,"10,000",1996,신한토탈,56.76,3,-
경상남도 통영시 봉평동,352,202201,27,"4,400",1981,봉평주공,42.55,1,-
경상남도 진주시 신안동,454-2,202201,27,"32,000",1994,평거현대2,146.17,15,-
경상남도 진주시 하대동,603-1,202201,27,"12,700",2017,미르젠,52.07,3,-
경상남도 진주시 옥봉동,805-3,202201,27,"22,300",2000,남강한주,84.96,14,-
경상남도 진주시 평거동,1132,202201,27,"41,900",2014,엠코타운더프라하,66.5175,27,-
경상남도 진주시 하대동,72,202201,27,"12,700",1980,상대주공,40.99,2,-
경상남도 진주시 가좌동,573-1,202201,27,"19,500",2005,주공그린빌,59.27,4,-
경상남도 진주시 가좌동,1981,202201,27,"54,000",2018,센트렐웰가,84.9222,26,-
